Copyright 1986-2022 Xilinx, Inc. All Rights Reserved. Copyright 2022-2025 Advanced Micro Devices, Inc. All Rights Reserved.
---------------------------------------------------------------------------------------------------------------------------------------------------------------------------------------------------------------------
| Tool Version : Vivado v.2025.1 (win64) Build 6140274 Thu May 22 00:12:29 MDT 2025
| Date         : Tue Jan  6 12:19:56 2026
| Host         : Laptop32 running 64-bit major release  (build 9200)
| Command      : report_timing_summary -max_paths 10 -routable_nets -report_unconstrained -file top_timing_summary_routed.rpt -pb top_timing_summary_routed.pb -rpx top_timing_summary_routed.rpx -warn_on_violation
| Design       : top
| Device       : 7a100t-csg324
| Speed File   : -1  PRODUCTION 1.23 2018-06-13
| Design State : Routed
---------------------------------------------------------------------------------------------------------------------------------------------------------------------------------------------------------------------

Timing Summary Report

------------------------------------------------------------------------------------------------
| Timer Settings
| --------------
------------------------------------------------------------------------------------------------

  Enable Multi Corner Analysis               :  Yes
  Enable Pessimism Removal                   :  Yes
  Pessimism Removal Resolution               :  Nearest Common Node
  Enable Input Delay Default Clock           :  No
  Enable Preset / Clear Arcs                 :  No
  Disable Flight Delays                      :  No
  Ignore I/O Paths                           :  No
  Timing Early Launch at Borrowing Latches   :  No
  Borrow Time for Max Delay Exceptions       :  Yes
  Merge Timing Exceptions                    :  Yes
  Inter-SLR Compensation                     :  Conservative

  Corner  Analyze    Analyze    
  Name    Max Paths  Min Paths  
  ------  ---------  ---------  
  Slow    Yes        Yes        
  Fast    Yes        Yes        


------------------------------------------------------------------------------------------------
| Report Methodology
| ------------------
------------------------------------------------------------------------------------------------

Rule       Severity  Description                    Violations  
---------  --------  -----------------------------  ----------  
TIMING-18  Warning   Missing input or output delay  8           

Note: This report is based on the most recent report_methodology run and may not be up-to-date. Run report_methodology on the current design for the latest report.



check_timing report

Table of Contents
-----------------
1. checking no_clock (0)
2. checking constant_clock (0)
3. checking pulse_width_clock (0)
4. checking unconstrained_internal_endpoints (0)
5. checking no_input_delay (0)
6. checking no_output_delay (1)
7. checking multiple_clock (0)
8. checking generated_clocks (0)
9. checking loops (0)
10. checking partial_input_delay (0)
11. checking partial_output_delay (0)
12. checking latch_loops (0)

1. checking no_clock (0)
------------------------
 There are 0 register/latch pins with no clock.


2. checking constant_clock (0)
------------------------------
 There are 0 register/latch pins with constant_clock.


3. checking pulse_width_clock (0)
---------------------------------
 There are 0 register/latch pins which need pulse_width check


4. checking unconstrained_internal_endpoints (0)
------------------------------------------------
 There are 0 pins that are not constrained for maximum delay.

 There are 0 pins that are not constrained for maximum delay due to constant clock.


5. checking no_input_delay (0)
------------------------------
 There are 0 input ports with no input delay specified.

 There are 0 input ports with no input delay but user has a false path constraint.


6. checking no_output_delay (1)
-------------------------------
 There is 1 port with no output delay specified. (HIGH)

 There are 0 ports with no output delay but user has a false path constraint

 There are 0 ports with no output delay but with a timing clock defined on it or propagating through it


7. checking multiple_clock (0)
------------------------------
 There are 0 register/latch pins with multiple clocks.


8. checking generated_clocks (0)
--------------------------------
 There are 0 generated clocks that are not connected to a clock source.


9. checking loops (0)
---------------------
 There are 0 combinational loops in the design.


10. checking partial_input_delay (0)
------------------------------------
 There are 0 input ports with partial input delay specified.


11. checking partial_output_delay (0)
-------------------------------------
 There are 0 ports with partial output delay specified.


12. checking latch_loops (0)
----------------------------
 There are 0 combinational latch loops in the design through latch input



------------------------------------------------------------------------------------------------
| Design Timing Summary
| ---------------------
------------------------------------------------------------------------------------------------

    WNS(ns)      TNS(ns)  TNS Failing Endpoints  TNS Total Endpoints      WHS(ns)      THS(ns)  THS Failing Endpoints  THS Total Endpoints     WPWS(ns)     TPWS(ns)  TPWS Failing Endpoints  TPWS Total Endpoints  
    -------      -------  ---------------------  -------------------      -------      -------  ---------------------  -------------------     --------     --------  ----------------------  --------------------  
      7.225        0.000                      0                   29        0.088        0.000                      0                   29        4.500        0.000                       0                    30  


All user specified timing constraints are met.


------------------------------------------------------------------------------------------------
| Clock Summary
| -------------
------------------------------------------------------------------------------------------------

Clock        Waveform(ns)       Period(ns)      Frequency(MHz)
-----        ------------       ----------      --------------
sys_clk_pin  {0.000 5.000}      10.000          100.000         


------------------------------------------------------------------------------------------------
| Intra Clock Table
| -----------------
------------------------------------------------------------------------------------------------

Clock             WNS(ns)      TNS(ns)  TNS Failing Endpoints  TNS Total Endpoints      WHS(ns)      THS(ns)  THS Failing Endpoints  THS Total Endpoints     WPWS(ns)     TPWS(ns)  TPWS Failing Endpoints  TPWS Total Endpoints  
-----             -------      -------  ---------------------  -------------------      -------      -------  ---------------------  -------------------     --------     --------  ----------------------  --------------------  
sys_clk_pin         7.225        0.000                      0                   29        0.088        0.000                      0                   29        4.500        0.000                       0                    30  


------------------------------------------------------------------------------------------------
| Inter Clock Table
| -----------------
------------------------------------------------------------------------------------------------

From Clock    To Clock          WNS(ns)      TNS(ns)  TNS Failing Endpoints  TNS Total Endpoints      WHS(ns)      THS(ns)  THS Failing Endpoints  THS Total Endpoints  
----------    --------          -------      -------  ---------------------  -------------------      -------      -------  ---------------------  -------------------  


------------------------------------------------------------------------------------------------
| Other Path Groups Table
| -----------------------
------------------------------------------------------------------------------------------------

Path Group    From Clock    To Clock          WNS(ns)      TNS(ns)  TNS Failing Endpoints  TNS Total Endpoints      WHS(ns)      THS(ns)  THS Failing Endpoints  THS Total Endpoints  
----------    ----------    --------          -------      -------  ---------------------  -------------------      -------      -------  ---------------------  -------------------  


------------------------------------------------------------------------------------------------
| User Ignored Path Table
| -----------------------
------------------------------------------------------------------------------------------------

Path Group    From Clock    To Clock    
----------    ----------    --------    


------------------------------------------------------------------------------------------------
| Unconstrained Path Table
| ------------------------
------------------------------------------------------------------------------------------------

Path Group    From Clock    To Clock    
----------    ----------    --------    
(none)        sys_clk_pin                 


------------------------------------------------------------------------------------------------
| Timing Details
| --------------
------------------------------------------------------------------------------------------------


---------------------------------------------------------------------------------------------------
From Clock:  sys_clk_pin
  To Clock:  sys_clk_pin

Setup :            0  Failing Endpoints,  Worst Slack        7.225ns,  Total Violation        0.000ns
Hold  :            0  Failing Endpoints,  Worst Slack        0.088ns,  Total Violation        0.000ns
PW    :            0  Failing Endpoints,  Worst Slack        4.500ns,  Total Violation        0.000ns
---------------------------------------------------------------------------------------------------


Max Delay Paths
--------------------------------------------------------------------------------------
Slack (MET) :             7.225ns  (required time - arrival time)
  Source:                 slow_clock_counter_reg[1]/C
                            (rising edge-triggered cell FDRE clocked by sys_clk_pin  {rise@0.000ns fall@5.000ns period=10.000ns})
  Destination:            slow_clock_counter_reg[25]/D
                            (rising edge-triggered cell FDRE clocked by sys_clk_pin  {rise@0.000ns fall@5.000ns period=10.000ns})
  Path Group:             sys_clk_pin
  Path Type:              Setup (Max at Slow Process Corner)
  Requirement:            10.000ns  (sys_clk_pin rise@10.000ns - sys_clk_pin rise@0.000ns)
  Data Path Delay:        2.713ns  (logic 2.083ns (76.781%)  route 0.630ns (23.219%))
  Logic Levels:           7  (CARRY4=7)
  Clock Path Skew:        -0.136ns (DCD - SCD + CPR)
    Destination Clock Delay (DCD):    5.019ns = ( 15.019 - 10.000 ) 
    Source Clock Delay      (SCD):    5.335ns
    Clock Pessimism Removal (CPR):    0.180ns
  Clock Uncertainty:      0.035ns  ((TSJ^2 + TIJ^2)^1/2 + DJ) / 2 + PE
    Total System Jitter     (TSJ):    0.071ns
    Total Input Jitter      (TIJ):    0.000ns
    Discrete Jitter          (DJ):    0.000ns
    Phase Error              (PE):    0.000ns

    Location             Delay type                Incr(ns)  Path(ns)    Netlist Resource(s)
  -------------------------------------------------------------------    -------------------
                         (clock sys_clk_pin rise edge)
                                                      0.000     0.000 r  
    E3                                                0.000     0.000 r  CLK100MHZ (IN)
                         net (fo=0)                   0.000     0.000    CLK100MHZ
    E3                   IBUF (Prop_ibuf_I_O)         1.482     1.482 r  CLK100MHZ_IBUF_inst/O
                         net (fo=1, routed)           2.025     3.506    CLK100MHZ_IBUF
    BUFGCTRL_X0Y16       BUFG (Prop_bufg_I_O)         0.096     3.602 r  CLK100MHZ_IBUF_BUFG_inst/O
                         net (fo=29, routed)          1.732     5.335    CLK100MHZ_IBUF_BUFG
    SLICE_X88Y95         FDRE                                         r  slow_clock_counter_reg[1]/C
  -------------------------------------------------------------------    -------------------
    SLICE_X88Y95         FDRE (Prop_fdre_C_Q)         0.518     5.853 r  slow_clock_counter_reg[1]/Q
                         net (fo=1, routed)           0.629     6.482    slow_clock_counter_reg_n_0_[1]
    SLICE_X88Y95         CARRY4 (Prop_carry4_S[1]_CO[3])
                                                      0.657     7.139 r  slow_clock_counter_reg[0]_i_1/CO[3]
                         net (fo=1, routed)           0.000     7.139    slow_clock_counter_reg[0]_i_1_n_0
    SLICE_X88Y96         CARRY4 (Prop_carry4_CI_CO[3])
                                                      0.117     7.256 r  slow_clock_counter_reg[4]_i_1/CO[3]
                         net (fo=1, routed)           0.000     7.256    slow_clock_counter_reg[4]_i_1_n_0
    SLICE_X88Y97         CARRY4 (Prop_carry4_CI_CO[3])
                                                      0.117     7.373 r  slow_clock_counter_reg[8]_i_1/CO[3]
                         net (fo=1, routed)           0.000     7.373    slow_clock_counter_reg[8]_i_1_n_0
    SLICE_X88Y98         CARRY4 (Prop_carry4_CI_CO[3])
                                                      0.117     7.490 r  slow_clock_counter_reg[12]_i_1/CO[3]
                         net (fo=1, routed)           0.000     7.490    slow_clock_counter_reg[12]_i_1_n_0
    SLICE_X88Y99         CARRY4 (Prop_carry4_CI_CO[3])
                                                      0.117     7.607 r  slow_clock_counter_reg[16]_i_1/CO[3]
                         net (fo=1, routed)           0.001     7.608    slow_clock_counter_reg[16]_i_1_n_0
    SLICE_X88Y100        CARRY4 (Prop_carry4_CI_CO[3])
                                                      0.117     7.725 r  slow_clock_counter_reg[20]_i_1/CO[3]
                         net (fo=1, routed)           0.000     7.725    slow_clock_counter_reg[20]_i_1_n_0
    SLICE_X88Y101        CARRY4 (Prop_carry4_CI_O[1])
                                                      0.323     8.048 r  slow_clock_counter_reg[24]_i_1/O[1]
                         net (fo=1, routed)           0.000     8.048    slow_clock_counter_reg[24]_i_1_n_6
    SLICE_X88Y101        FDRE                                         r  slow_clock_counter_reg[25]/D
  -------------------------------------------------------------------    -------------------

                         (clock sys_clk_pin rise edge)
                                                     10.000    10.000 r  
    E3                                                0.000    10.000 r  CLK100MHZ (IN)
                         net (fo=0)                   0.000    10.000    CLK100MHZ
    E3                   IBUF (Prop_ibuf_I_O)         1.411    11.411 r  CLK100MHZ_IBUF_inst/O
                         net (fo=1, routed)           1.920    13.331    CLK100MHZ_IBUF
    BUFGCTRL_X0Y16       BUFG (Prop_bufg_I_O)         0.091    13.422 r  CLK100MHZ_IBUF_BUFG_inst/O
                         net (fo=29, routed)          1.597    15.019    CLK100MHZ_IBUF_BUFG
    SLICE_X88Y101        FDRE                                         r  slow_clock_counter_reg[25]/C
                         clock pessimism              0.180    15.199    
                         clock uncertainty           -0.035    15.164    
    SLICE_X88Y101        FDRE (Setup_fdre_C_D)        0.109    15.273    slow_clock_counter_reg[25]
  -------------------------------------------------------------------
                         required time                         15.273    
                         arrival time                          -8.048    
  -------------------------------------------------------------------
                         slack                                  7.225    

Slack (MET) :             7.233ns  (required time - arrival time)
  Source:                 slow_clock_counter_reg[1]/C
                            (rising edge-triggered cell FDRE clocked by sys_clk_pin  {rise@0.000ns fall@5.000ns period=10.000ns})
  Destination:            slow_clock_counter_reg[27]/D
                            (rising edge-triggered cell FDRE clocked by sys_clk_pin  {rise@0.000ns fall@5.000ns period=10.000ns})
  Path Group:             sys_clk_pin
  Path Type:              Setup (Max at Slow Process Corner)
  Requirement:            10.000ns  (sys_clk_pin rise@10.000ns - sys_clk_pin rise@0.000ns)
  Data Path Delay:        2.705ns  (logic 2.075ns (76.712%)  route 0.630ns (23.288%))
  Logic Levels:           7  (CARRY4=7)
  Clock Path Skew:        -0.136ns (DCD - SCD + CPR)
    Destination Clock Delay (DCD):    5.019ns = ( 15.019 - 10.000 ) 
    Source Clock Delay      (SCD):    5.335ns
    Clock Pessimism Removal (CPR):    0.180ns
  Clock Uncertainty:      0.035ns  ((TSJ^2 + TIJ^2)^1/2 + DJ) / 2 + PE
    Total System Jitter     (TSJ):    0.071ns
    Total Input Jitter      (TIJ):    0.000ns
    Discrete Jitter          (DJ):    0.000ns
    Phase Error              (PE):    0.000ns

    Location             Delay type                Incr(ns)  Path(ns)    Netlist Resource(s)
  -------------------------------------------------------------------    -------------------
                         (clock sys_clk_pin rise edge)
                                                      0.000     0.000 r  
    E3                                                0.000     0.000 r  CLK100MHZ (IN)
                         net (fo=0)                   0.000     0.000    CLK100MHZ
    E3                   IBUF (Prop_ibuf_I_O)         1.482     1.482 r  CLK100MHZ_IBUF_inst/O
                         net (fo=1, routed)           2.025     3.506    CLK100MHZ_IBUF
    BUFGCTRL_X0Y16       BUFG (Prop_bufg_I_O)         0.096     3.602 r  CLK100MHZ_IBUF_BUFG_inst/O
                         net (fo=29, routed)          1.732     5.335    CLK100MHZ_IBUF_BUFG
    SLICE_X88Y95         FDRE                                         r  slow_clock_counter_reg[1]/C
  -------------------------------------------------------------------    -------------------
    SLICE_X88Y95         FDRE (Prop_fdre_C_Q)         0.518     5.853 r  slow_clock_counter_reg[1]/Q
                         net (fo=1, routed)           0.629     6.482    slow_clock_counter_reg_n_0_[1]
    SLICE_X88Y95         CARRY4 (Prop_carry4_S[1]_CO[3])
                                                      0.657     7.139 r  slow_clock_counter_reg[0]_i_1/CO[3]
                         net (fo=1, routed)           0.000     7.139    slow_clock_counter_reg[0]_i_1_n_0
    SLICE_X88Y96         CARRY4 (Prop_carry4_CI_CO[3])
                                                      0.117     7.256 r  slow_clock_counter_reg[4]_i_1/CO[3]
                         net (fo=1, routed)           0.000     7.256    slow_clock_counter_reg[4]_i_1_n_0
    SLICE_X88Y97         CARRY4 (Prop_carry4_CI_CO[3])
                                                      0.117     7.373 r  slow_clock_counter_reg[8]_i_1/CO[3]
                         net (fo=1, routed)           0.000     7.373    slow_clock_counter_reg[8]_i_1_n_0
    SLICE_X88Y98         CARRY4 (Prop_carry4_CI_CO[3])
                                                      0.117     7.490 r  slow_clock_counter_reg[12]_i_1/CO[3]
                         net (fo=1, routed)           0.000     7.490    slow_clock_counter_reg[12]_i_1_n_0
    SLICE_X88Y99         CARRY4 (Prop_carry4_CI_CO[3])
                                                      0.117     7.607 r  slow_clock_counter_reg[16]_i_1/CO[3]
                         net (fo=1, routed)           0.001     7.608    slow_clock_counter_reg[16]_i_1_n_0
    SLICE_X88Y100        CARRY4 (Prop_carry4_CI_CO[3])
                                                      0.117     7.725 r  slow_clock_counter_reg[20]_i_1/CO[3]
                         net (fo=1, routed)           0.000     7.725    slow_clock_counter_reg[20]_i_1_n_0
    SLICE_X88Y101        CARRY4 (Prop_carry4_CI_O[3])
                                                      0.315     8.040 r  slow_clock_counter_reg[24]_i_1/O[3]
                         net (fo=1, routed)           0.000     8.040    slow_clock_counter_reg[24]_i_1_n_4
    SLICE_X88Y101        FDRE                                         r  slow_clock_counter_reg[27]/D
  -------------------------------------------------------------------    -------------------

                         (clock sys_clk_pin rise edge)
                                                     10.000    10.000 r  
    E3                                                0.000    10.000 r  CLK100MHZ (IN)
                         net (fo=0)                   0.000    10.000    CLK100MHZ
    E3                   IBUF (Prop_ibuf_I_O)         1.411    11.411 r  CLK100MHZ_IBUF_inst/O
                         net (fo=1, routed)           1.920    13.331    CLK100MHZ_IBUF
    BUFGCTRL_X0Y16       BUFG (Prop_bufg_I_O)         0.091    13.422 r  CLK100MHZ_IBUF_BUFG_inst/O
                         net (fo=29, routed)          1.597    15.019    CLK100MHZ_IBUF_BUFG
    SLICE_X88Y101        FDRE                                         r  slow_clock_counter_reg[27]/C
                         clock pessimism              0.180    15.199    
                         clock uncertainty           -0.035    15.164    
    SLICE_X88Y101        FDRE (Setup_fdre_C_D)        0.109    15.273    slow_clock_counter_reg[27]
  -------------------------------------------------------------------
                         required time                         15.273    
                         arrival time                          -8.040    
  -------------------------------------------------------------------
                         slack                                  7.233    

Slack (MET) :             7.309ns  (required time - arrival time)
  Source:                 slow_clock_counter_reg[1]/C
                            (rising edge-triggered cell FDRE clocked by sys_clk_pin  {rise@0.000ns fall@5.000ns period=10.000ns})
  Destination:            slow_clock_counter_reg[26]/D
                            (rising edge-triggered cell FDRE clocked by sys_clk_pin  {rise@0.000ns fall@5.000ns period=10.000ns})
  Path Group:             sys_clk_pin
  Path Type:              Setup (Max at Slow Process Corner)
  Requirement:            10.000ns  (sys_clk_pin rise@10.000ns - sys_clk_pin rise@0.000ns)
  Data Path Delay:        2.629ns  (logic 1.999ns (76.039%)  route 0.630ns (23.961%))
  Logic Levels:           7  (CARRY4=7)
  Clock Path Skew:        -0.136ns (DCD - SCD + CPR)
    Destination Clock Delay (DCD):    5.019ns = ( 15.019 - 10.000 ) 
    Source Clock Delay      (SCD):    5.335ns
    Clock Pessimism Removal (CPR):    0.180ns
  Clock Uncertainty:      0.035ns  ((TSJ^2 + TIJ^2)^1/2 + DJ) / 2 + PE
    Total System Jitter     (TSJ):    0.071ns
    Total Input Jitter      (TIJ):    0.000ns
    Discrete Jitter          (DJ):    0.000ns
    Phase Error              (PE):    0.000ns

    Location             Delay type                Incr(ns)  Path(ns)    Netlist Resource(s)
  -------------------------------------------------------------------    -------------------
                         (clock sys_clk_pin rise edge)
                                                      0.000     0.000 r  
    E3                                                0.000     0.000 r  CLK100MHZ (IN)
                         net (fo=0)                   0.000     0.000    CLK100MHZ
    E3                   IBUF (Prop_ibuf_I_O)         1.482     1.482 r  CLK100MHZ_IBUF_inst/O
                         net (fo=1, routed)           2.025     3.506    CLK100MHZ_IBUF
    BUFGCTRL_X0Y16       BUFG (Prop_bufg_I_O)         0.096     3.602 r  CLK100MHZ_IBUF_BUFG_inst/O
                         net (fo=29, routed)          1.732     5.335    CLK100MHZ_IBUF_BUFG
    SLICE_X88Y95         FDRE                                         r  slow_clock_counter_reg[1]/C
  -------------------------------------------------------------------    -------------------
    SLICE_X88Y95         FDRE (Prop_fdre_C_Q)         0.518     5.853 r  slow_clock_counter_reg[1]/Q
                         net (fo=1, routed)           0.629     6.482    slow_clock_counter_reg_n_0_[1]
    SLICE_X88Y95         CARRY4 (Prop_carry4_S[1]_CO[3])
                                                      0.657     7.139 r  slow_clock_counter_reg[0]_i_1/CO[3]
                         net (fo=1, routed)           0.000     7.139    slow_clock_counter_reg[0]_i_1_n_0
    SLICE_X88Y96         CARRY4 (Prop_carry4_CI_CO[3])
                                                      0.117     7.256 r  slow_clock_counter_reg[4]_i_1/CO[3]
                         net (fo=1, routed)           0.000     7.256    slow_clock_counter_reg[4]_i_1_n_0
    SLICE_X88Y97         CARRY4 (Prop_carry4_CI_CO[3])
                                                      0.117     7.373 r  slow_clock_counter_reg[8]_i_1/CO[3]
                         net (fo=1, routed)           0.000     7.373    slow_clock_counter_reg[8]_i_1_n_0
    SLICE_X88Y98         CARRY4 (Prop_carry4_CI_CO[3])
                                                      0.117     7.490 r  slow_clock_counter_reg[12]_i_1/CO[3]
                         net (fo=1, routed)           0.000     7.490    slow_clock_counter_reg[12]_i_1_n_0
    SLICE_X88Y99         CARRY4 (Prop_carry4_CI_CO[3])
                                                      0.117     7.607 r  slow_clock_counter_reg[16]_i_1/CO[3]
                         net (fo=1, routed)           0.001     7.608    slow_clock_counter_reg[16]_i_1_n_0
    SLICE_X88Y100        CARRY4 (Prop_carry4_CI_CO[3])
                                                      0.117     7.725 r  slow_clock_counter_reg[20]_i_1/CO[3]
                         net (fo=1, routed)           0.000     7.725    slow_clock_counter_reg[20]_i_1_n_0
    SLICE_X88Y101        CARRY4 (Prop_carry4_CI_O[2])
                                                      0.239     7.964 r  slow_clock_counter_reg[24]_i_1/O[2]
                         net (fo=1, routed)           0.000     7.964    slow_clock_counter_reg[24]_i_1_n_5
    SLICE_X88Y101        FDRE                                         r  slow_clock_counter_reg[26]/D
  -------------------------------------------------------------------    -------------------

                         (clock sys_clk_pin rise edge)
                                                     10.000    10.000 r  
    E3                                                0.000    10.000 r  CLK100MHZ (IN)
                         net (fo=0)                   0.000    10.000    CLK100MHZ
    E3                   IBUF (Prop_ibuf_I_O)         1.411    11.411 r  CLK100MHZ_IBUF_inst/O
                         net (fo=1, routed)           1.920    13.331    CLK100MHZ_IBUF
    BUFGCTRL_X0Y16       BUFG (Prop_bufg_I_O)         0.091    13.422 r  CLK100MHZ_IBUF_BUFG_inst/O
                         net (fo=29, routed)          1.597    15.019    CLK100MHZ_IBUF_BUFG
    SLICE_X88Y101        FDRE                                         r  slow_clock_counter_reg[26]/C
                         clock pessimism              0.180    15.199    
                         clock uncertainty           -0.035    15.164    
    SLICE_X88Y101        FDRE (Setup_fdre_C_D)        0.109    15.273    slow_clock_counter_reg[26]
  -------------------------------------------------------------------
                         required time                         15.273    
                         arrival time                          -7.964    
  -------------------------------------------------------------------
                         slack                                  7.309    

Slack (MET) :             7.329ns  (required time - arrival time)
  Source:                 slow_clock_counter_reg[1]/C
                            (rising edge-triggered cell FDRE clocked by sys_clk_pin  {rise@0.000ns fall@5.000ns period=10.000ns})
  Destination:            slow_clock_counter_reg[24]/D
                            (rising edge-triggered cell FDRE clocked by sys_clk_pin  {rise@0.000ns fall@5.000ns period=10.000ns})
  Path Group:             sys_clk_pin
  Path Type:              Setup (Max at Slow Process Corner)
  Requirement:            10.000ns  (sys_clk_pin rise@10.000ns - sys_clk_pin rise@0.000ns)
  Data Path Delay:        2.609ns  (logic 1.979ns (75.855%)  route 0.630ns (24.145%))
  Logic Levels:           7  (CARRY4=7)
  Clock Path Skew:        -0.136ns (DCD - SCD + CPR)
    Destination Clock Delay (DCD):    5.019ns = ( 15.019 - 10.000 ) 
    Source Clock Delay      (SCD):    5.335ns
    Clock Pessimism Removal (CPR):    0.180ns
  Clock Uncertainty:      0.035ns  ((TSJ^2 + TIJ^2)^1/2 + DJ) / 2 + PE
    Total System Jitter     (TSJ):    0.071ns
    Total Input Jitter      (TIJ):    0.000ns
    Discrete Jitter          (DJ):    0.000ns
    Phase Error              (PE):    0.000ns

    Location             Delay type                Incr(ns)  Path(ns)    Netlist Resource(s)
  -------------------------------------------------------------------    -------------------
                         (clock sys_clk_pin rise edge)
                                                      0.000     0.000 r  
    E3                                                0.000     0.000 r  CLK100MHZ (IN)
                         net (fo=0)                   0.000     0.000    CLK100MHZ
    E3                   IBUF (Prop_ibuf_I_O)         1.482     1.482 r  CLK100MHZ_IBUF_inst/O
                         net (fo=1, routed)           2.025     3.506    CLK100MHZ_IBUF
    BUFGCTRL_X0Y16       BUFG (Prop_bufg_I_O)         0.096     3.602 r  CLK100MHZ_IBUF_BUFG_inst/O
                         net (fo=29, routed)          1.732     5.335    CLK100MHZ_IBUF_BUFG
    SLICE_X88Y95         FDRE                                         r  slow_clock_counter_reg[1]/C
  -------------------------------------------------------------------    -------------------
    SLICE_X88Y95         FDRE (Prop_fdre_C_Q)         0.518     5.853 r  slow_clock_counter_reg[1]/Q
                         net (fo=1, routed)           0.629     6.482    slow_clock_counter_reg_n_0_[1]
    SLICE_X88Y95         CARRY4 (Prop_carry4_S[1]_CO[3])
                                                      0.657     7.139 r  slow_clock_counter_reg[0]_i_1/CO[3]
                         net (fo=1, routed)           0.000     7.139    slow_clock_counter_reg[0]_i_1_n_0
    SLICE_X88Y96         CARRY4 (Prop_carry4_CI_CO[3])
                                                      0.117     7.256 r  slow_clock_counter_reg[4]_i_1/CO[3]
                         net (fo=1, routed)           0.000     7.256    slow_clock_counter_reg[4]_i_1_n_0
    SLICE_X88Y97         CARRY4 (Prop_carry4_CI_CO[3])
                                                      0.117     7.373 r  slow_clock_counter_reg[8]_i_1/CO[3]
                         net (fo=1, routed)           0.000     7.373    slow_clock_counter_reg[8]_i_1_n_0
    SLICE_X88Y98         CARRY4 (Prop_carry4_CI_CO[3])
                                                      0.117     7.490 r  slow_clock_counter_reg[12]_i_1/CO[3]
                         net (fo=1, routed)           0.000     7.490    slow_clock_counter_reg[12]_i_1_n_0
    SLICE_X88Y99         CARRY4 (Prop_carry4_CI_CO[3])
                                                      0.117     7.607 r  slow_clock_counter_reg[16]_i_1/CO[3]
                         net (fo=1, routed)           0.001     7.608    slow_clock_counter_reg[16]_i_1_n_0
    SLICE_X88Y100        CARRY4 (Prop_carry4_CI_CO[3])
                                                      0.117     7.725 r  slow_clock_counter_reg[20]_i_1/CO[3]
                         net (fo=1, routed)           0.000     7.725    slow_clock_counter_reg[20]_i_1_n_0
    SLICE_X88Y101        CARRY4 (Prop_carry4_CI_O[0])
                                                      0.219     7.944 r  slow_clock_counter_reg[24]_i_1/O[0]
                         net (fo=1, routed)           0.000     7.944    slow_clock_counter_reg[24]_i_1_n_7
    SLICE_X88Y101        FDRE                                         r  slow_clock_counter_reg[24]/D
  -------------------------------------------------------------------    -------------------

                         (clock sys_clk_pin rise edge)
                                                     10.000    10.000 r  
    E3                                                0.000    10.000 r  CLK100MHZ (IN)
                         net (fo=0)                   0.000    10.000    CLK100MHZ
    E3                   IBUF (Prop_ibuf_I_O)         1.411    11.411 r  CLK100MHZ_IBUF_inst/O
                         net (fo=1, routed)           1.920    13.331    CLK100MHZ_IBUF
    BUFGCTRL_X0Y16       BUFG (Prop_bufg_I_O)         0.091    13.422 r  CLK100MHZ_IBUF_BUFG_inst/O
                         net (fo=29, routed)          1.597    15.019    CLK100MHZ_IBUF_BUFG
    SLICE_X88Y101        FDRE                                         r  slow_clock_counter_reg[24]/C
                         clock pessimism              0.180    15.199    
                         clock uncertainty           -0.035    15.164    
    SLICE_X88Y101        FDRE (Setup_fdre_C_D)        0.109    15.273    slow_clock_counter_reg[24]
  -------------------------------------------------------------------
                         required time                         15.273    
                         arrival time                          -7.944    
  -------------------------------------------------------------------
                         slack                                  7.329    

Slack (MET) :             7.342ns  (required time - arrival time)
  Source:                 slow_clock_counter_reg[1]/C
                            (rising edge-triggered cell FDRE clocked by sys_clk_pin  {rise@0.000ns fall@5.000ns period=10.000ns})
  Destination:            slow_clock_counter_reg[21]/D
                            (rising edge-triggered cell FDRE clocked by sys_clk_pin  {rise@0.000ns fall@5.000ns period=10.000ns})
  Path Group:             sys_clk_pin
  Path Type:              Setup (Max at Slow Process Corner)
  Requirement:            10.000ns  (sys_clk_pin rise@10.000ns - sys_clk_pin rise@0.000ns)
  Data Path Delay:        2.596ns  (logic 1.966ns (75.735%)  route 0.630ns (24.265%))
  Logic Levels:           6  (CARRY4=6)
  Clock Path Skew:        -0.136ns (DCD - SCD + CPR)
    Destination Clock Delay (DCD):    5.019ns = ( 15.019 - 10.000 ) 
    Source Clock Delay      (SCD):    5.335ns
    Clock Pessimism Removal (CPR):    0.180ns
  Clock Uncertainty:      0.035ns  ((TSJ^2 + TIJ^2)^1/2 + DJ) / 2 + PE
    Total System Jitter     (TSJ):    0.071ns
    Total Input Jitter      (TIJ):    0.000ns
    Discrete Jitter          (DJ):    0.000ns
    Phase Error              (PE):    0.000ns

    Location             Delay type                Incr(ns)  Path(ns)    Netlist Resource(s)
  -------------------------------------------------------------------    -------------------
                         (clock sys_clk_pin rise edge)
                                                      0.000     0.000 r  
    E3                                                0.000     0.000 r  CLK100MHZ (IN)
                         net (fo=0)                   0.000     0.000    CLK100MHZ
    E3                   IBUF (Prop_ibuf_I_O)         1.482     1.482 r  CLK100MHZ_IBUF_inst/O
                         net (fo=1, routed)           2.025     3.506    CLK100MHZ_IBUF
    BUFGCTRL_X0Y16       BUFG (Prop_bufg_I_O)         0.096     3.602 r  CLK100MHZ_IBUF_BUFG_inst/O
                         net (fo=29, routed)          1.732     5.335    CLK100MHZ_IBUF_BUFG
    SLICE_X88Y95         FDRE                                         r  slow_clock_counter_reg[1]/C
  -------------------------------------------------------------------    -------------------
    SLICE_X88Y95         FDRE (Prop_fdre_C_Q)         0.518     5.853 r  slow_clock_counter_reg[1]/Q
                         net (fo=1, routed)           0.629     6.482    slow_clock_counter_reg_n_0_[1]
    SLICE_X88Y95         CARRY4 (Prop_carry4_S[1]_CO[3])
                                                      0.657     7.139 r  slow_clock_counter_reg[0]_i_1/CO[3]
                         net (fo=1, routed)           0.000     7.139    slow_clock_counter_reg[0]_i_1_n_0
    SLICE_X88Y96         CARRY4 (Prop_carry4_CI_CO[3])
                                                      0.117     7.256 r  slow_clock_counter_reg[4]_i_1/CO[3]
                         net (fo=1, routed)           0.000     7.256    slow_clock_counter_reg[4]_i_1_n_0
    SLICE_X88Y97         CARRY4 (Prop_carry4_CI_CO[3])
                                                      0.117     7.373 r  slow_clock_counter_reg[8]_i_1/CO[3]
                         net (fo=1, routed)           0.000     7.373    slow_clock_counter_reg[8]_i_1_n_0
    SLICE_X88Y98         CARRY4 (Prop_carry4_CI_CO[3])
                                                      0.117     7.490 r  slow_clock_counter_reg[12]_i_1/CO[3]
                         net (fo=1, routed)           0.000     7.490    slow_clock_counter_reg[12]_i_1_n_0
    SLICE_X88Y99         CARRY4 (Prop_carry4_CI_CO[3])
                                                      0.117     7.607 r  slow_clock_counter_reg[16]_i_1/CO[3]
                         net (fo=1, routed)           0.001     7.608    slow_clock_counter_reg[16]_i_1_n_0
    SLICE_X88Y100        CARRY4 (Prop_carry4_CI_O[1])
                                                      0.323     7.931 r  slow_clock_counter_reg[20]_i_1/O[1]
                         net (fo=1, routed)           0.000     7.931    slow_clock_counter_reg[20]_i_1_n_6
    SLICE_X88Y100        FDRE                                         r  slow_clock_counter_reg[21]/D
  -------------------------------------------------------------------    -------------------

                         (clock sys_clk_pin rise edge)
                                                     10.000    10.000 r  
    E3                                                0.000    10.000 r  CLK100MHZ (IN)
                         net (fo=0)                   0.000    10.000    CLK100MHZ
    E3                   IBUF (Prop_ibuf_I_O)         1.411    11.411 r  CLK100MHZ_IBUF_inst/O
                         net (fo=1, routed)           1.920    13.331    CLK100MHZ_IBUF
    BUFGCTRL_X0Y16       BUFG (Prop_bufg_I_O)         0.091    13.422 r  CLK100MHZ_IBUF_BUFG_inst/O
                         net (fo=29, routed)          1.597    15.019    CLK100MHZ_IBUF_BUFG
    SLICE_X88Y100        FDRE                                         r  slow_clock_counter_reg[21]/C
                         clock pessimism              0.180    15.199    
                         clock uncertainty           -0.035    15.164    
    SLICE_X88Y100        FDRE (Setup_fdre_C_D)        0.109    15.273    slow_clock_counter_reg[21]
  -------------------------------------------------------------------
                         required time                         15.273    
                         arrival time                          -7.931    
  -------------------------------------------------------------------
                         slack                                  7.342    

Slack (MET) :             7.350ns  (required time - arrival time)
  Source:                 slow_clock_counter_reg[1]/C
                            (rising edge-triggered cell FDRE clocked by sys_clk_pin  {rise@0.000ns fall@5.000ns period=10.000ns})
  Destination:            slow_clock_counter_reg[23]/D
                            (rising edge-triggered cell FDRE clocked by sys_clk_pin  {rise@0.000ns fall@5.000ns period=10.000ns})
  Path Group:             sys_clk_pin
  Path Type:              Setup (Max at Slow Process Corner)
  Requirement:            10.000ns  (sys_clk_pin rise@10.000ns - sys_clk_pin rise@0.000ns)
  Data Path Delay:        2.588ns  (logic 1.958ns (75.660%)  route 0.630ns (24.341%))
  Logic Levels:           6  (CARRY4=6)
  Clock Path Skew:        -0.136ns (DCD - SCD + CPR)
    Destination Clock Delay (DCD):    5.019ns = ( 15.019 - 10.000 ) 
    Source Clock Delay      (SCD):    5.335ns
    Clock Pessimism Removal (CPR):    0.180ns
  Clock Uncertainty:      0.035ns  ((TSJ^2 + TIJ^2)^1/2 + DJ) / 2 + PE
    Total System Jitter     (TSJ):    0.071ns
    Total Input Jitter      (TIJ):    0.000ns
    Discrete Jitter          (DJ):    0.000ns
    Phase Error              (PE):    0.000ns

    Location             Delay type                Incr(ns)  Path(ns)    Netlist Resource(s)
  -------------------------------------------------------------------    -------------------
                         (clock sys_clk_pin rise edge)
                                                      0.000     0.000 r  
    E3                                                0.000     0.000 r  CLK100MHZ (IN)
                         net (fo=0)                   0.000     0.000    CLK100MHZ
    E3                   IBUF (Prop_ibuf_I_O)         1.482     1.482 r  CLK100MHZ_IBUF_inst/O
                         net (fo=1, routed)           2.025     3.506    CLK100MHZ_IBUF
    BUFGCTRL_X0Y16       BUFG (Prop_bufg_I_O)         0.096     3.602 r  CLK100MHZ_IBUF_BUFG_inst/O
                         net (fo=29, routed)          1.732     5.335    CLK100MHZ_IBUF_BUFG
    SLICE_X88Y95         FDRE                                         r  slow_clock_counter_reg[1]/C
  -------------------------------------------------------------------    -------------------
    SLICE_X88Y95         FDRE (Prop_fdre_C_Q)         0.518     5.853 r  slow_clock_counter_reg[1]/Q
                         net (fo=1, routed)           0.629     6.482    slow_clock_counter_reg_n_0_[1]
    SLICE_X88Y95         CARRY4 (Prop_carry4_S[1]_CO[3])
                                                      0.657     7.139 r  slow_clock_counter_reg[0]_i_1/CO[3]
                         net (fo=1, routed)           0.000     7.139    slow_clock_counter_reg[0]_i_1_n_0
    SLICE_X88Y96         CARRY4 (Prop_carry4_CI_CO[3])
                                                      0.117     7.256 r  slow_clock_counter_reg[4]_i_1/CO[3]
                         net (fo=1, routed)           0.000     7.256    slow_clock_counter_reg[4]_i_1_n_0
    SLICE_X88Y97         CARRY4 (Prop_carry4_CI_CO[3])
                                                      0.117     7.373 r  slow_clock_counter_reg[8]_i_1/CO[3]
                         net (fo=1, routed)           0.000     7.373    slow_clock_counter_reg[8]_i_1_n_0
    SLICE_X88Y98         CARRY4 (Prop_carry4_CI_CO[3])
                                                      0.117     7.490 r  slow_clock_counter_reg[12]_i_1/CO[3]
                         net (fo=1, routed)           0.000     7.490    slow_clock_counter_reg[12]_i_1_n_0
    SLICE_X88Y99         CARRY4 (Prop_carry4_CI_CO[3])
                                                      0.117     7.607 r  slow_clock_counter_reg[16]_i_1/CO[3]
                         net (fo=1, routed)           0.001     7.608    slow_clock_counter_reg[16]_i_1_n_0
    SLICE_X88Y100        CARRY4 (Prop_carry4_CI_O[3])
                                                      0.315     7.923 r  slow_clock_counter_reg[20]_i_1/O[3]
                         net (fo=1, routed)           0.000     7.923    slow_clock_counter_reg[20]_i_1_n_4
    SLICE_X88Y100        FDRE                                         r  slow_clock_counter_reg[23]/D
  -------------------------------------------------------------------    -------------------

                         (clock sys_clk_pin rise edge)
                                                     10.000    10.000 r  
    E3                                                0.000    10.000 r  CLK100MHZ (IN)
                         net (fo=0)                   0.000    10.000    CLK100MHZ
    E3                   IBUF (Prop_ibuf_I_O)         1.411    11.411 r  CLK100MHZ_IBUF_inst/O
                         net (fo=1, routed)           1.920    13.331    CLK100MHZ_IBUF
    BUFGCTRL_X0Y16       BUFG (Prop_bufg_I_O)         0.091    13.422 r  CLK100MHZ_IBUF_BUFG_inst/O
                         net (fo=29, routed)          1.597    15.019    CLK100MHZ_IBUF_BUFG
    SLICE_X88Y100        FDRE                                         r  slow_clock_counter_reg[23]/C
                         clock pessimism              0.180    15.199    
                         clock uncertainty           -0.035    15.164    
    SLICE_X88Y100        FDRE (Setup_fdre_C_D)        0.109    15.273    slow_clock_counter_reg[23]
  -------------------------------------------------------------------
                         required time                         15.273    
                         arrival time                          -7.923    
  -------------------------------------------------------------------
                         slack                                  7.350    

Slack (MET) :             7.426ns  (required time - arrival time)
  Source:                 slow_clock_counter_reg[1]/C
                            (rising edge-triggered cell FDRE clocked by sys_clk_pin  {rise@0.000ns fall@5.000ns period=10.000ns})
  Destination:            slow_clock_counter_reg[22]/D
                            (rising edge-triggered cell FDRE clocked by sys_clk_pin  {rise@0.000ns fall@5.000ns period=10.000ns})
  Path Group:             sys_clk_pin
  Path Type:              Setup (Max at Slow Process Corner)
  Requirement:            10.000ns  (sys_clk_pin rise@10.000ns - sys_clk_pin rise@0.000ns)
  Data Path Delay:        2.512ns  (logic 1.882ns (74.923%)  route 0.630ns (25.077%))
  Logic Levels:           6  (CARRY4=6)
  Clock Path Skew:        -0.136ns (DCD - SCD + CPR)
    Destination Clock Delay (DCD):    5.019ns = ( 15.019 - 10.000 ) 
    Source Clock Delay      (SCD):    5.335ns
    Clock Pessimism Removal (CPR):    0.180ns
  Clock Uncertainty:      0.035ns  ((TSJ^2 + TIJ^2)^1/2 + DJ) / 2 + PE
    Total System Jitter     (TSJ):    0.071ns
    Total Input Jitter      (TIJ):    0.000ns
    Discrete Jitter          (DJ):    0.000ns
    Phase Error              (PE):    0.000ns

    Location             Delay type                Incr(ns)  Path(ns)    Netlist Resource(s)
  -------------------------------------------------------------------    -------------------
                         (clock sys_clk_pin rise edge)
                                                      0.000     0.000 r  
    E3                                                0.000     0.000 r  CLK100MHZ (IN)
                         net (fo=0)                   0.000     0.000    CLK100MHZ
    E3                   IBUF (Prop_ibuf_I_O)         1.482     1.482 r  CLK100MHZ_IBUF_inst/O
                         net (fo=1, routed)           2.025     3.506    CLK100MHZ_IBUF
    BUFGCTRL_X0Y16       BUFG (Prop_bufg_I_O)         0.096     3.602 r  CLK100MHZ_IBUF_BUFG_inst/O
                         net (fo=29, routed)          1.732     5.335    CLK100MHZ_IBUF_BUFG
    SLICE_X88Y95         FDRE                                         r  slow_clock_counter_reg[1]/C
  -------------------------------------------------------------------    -------------------
    SLICE_X88Y95         FDRE (Prop_fdre_C_Q)         0.518     5.853 r  slow_clock_counter_reg[1]/Q
                         net (fo=1, routed)           0.629     6.482    slow_clock_counter_reg_n_0_[1]
    SLICE_X88Y95         CARRY4 (Prop_carry4_S[1]_CO[3])
                                                      0.657     7.139 r  slow_clock_counter_reg[0]_i_1/CO[3]
                         net (fo=1, routed)           0.000     7.139    slow_clock_counter_reg[0]_i_1_n_0
    SLICE_X88Y96         CARRY4 (Prop_carry4_CI_CO[3])
                                                      0.117     7.256 r  slow_clock_counter_reg[4]_i_1/CO[3]
                         net (fo=1, routed)           0.000     7.256    slow_clock_counter_reg[4]_i_1_n_0
    SLICE_X88Y97         CARRY4 (Prop_carry4_CI_CO[3])
                                                      0.117     7.373 r  slow_clock_counter_reg[8]_i_1/CO[3]
                         net (fo=1, routed)           0.000     7.373    slow_clock_counter_reg[8]_i_1_n_0
    SLICE_X88Y98         CARRY4 (Prop_carry4_CI_CO[3])
                                                      0.117     7.490 r  slow_clock_counter_reg[12]_i_1/CO[3]
                         net (fo=1, routed)           0.000     7.490    slow_clock_counter_reg[12]_i_1_n_0
    SLICE_X88Y99         CARRY4 (Prop_carry4_CI_CO[3])
                                                      0.117     7.607 r  slow_clock_counter_reg[16]_i_1/CO[3]
                         net (fo=1, routed)           0.001     7.608    slow_clock_counter_reg[16]_i_1_n_0
    SLICE_X88Y100        CARRY4 (Prop_carry4_CI_O[2])
                                                      0.239     7.847 r  slow_clock_counter_reg[20]_i_1/O[2]
                         net (fo=1, routed)           0.000     7.847    slow_clock_counter_reg[20]_i_1_n_5
    SLICE_X88Y100        FDRE                                         r  slow_clock_counter_reg[22]/D
  -------------------------------------------------------------------    -------------------

                         (clock sys_clk_pin rise edge)
                                                     10.000    10.000 r  
    E3                                                0.000    10.000 r  CLK100MHZ (IN)
                         net (fo=0)                   0.000    10.000    CLK100MHZ
    E3                   IBUF (Prop_ibuf_I_O)         1.411    11.411 r  CLK100MHZ_IBUF_inst/O
                         net (fo=1, routed)           1.920    13.331    CLK100MHZ_IBUF
    BUFGCTRL_X0Y16       BUFG (Prop_bufg_I_O)         0.091    13.422 r  CLK100MHZ_IBUF_BUFG_inst/O
                         net (fo=29, routed)          1.597    15.019    CLK100MHZ_IBUF_BUFG
    SLICE_X88Y100        FDRE                                         r  slow_clock_counter_reg[22]/C
                         clock pessimism              0.180    15.199    
                         clock uncertainty           -0.035    15.164    
    SLICE_X88Y100        FDRE (Setup_fdre_C_D)        0.109    15.273    slow_clock_counter_reg[22]
  -------------------------------------------------------------------
                         required time                         15.273    
                         arrival time                          -7.847    
  -------------------------------------------------------------------
                         slack                                  7.426    

Slack (MET) :             7.446ns  (required time - arrival time)
  Source:                 slow_clock_counter_reg[1]/C
                            (rising edge-triggered cell FDRE clocked by sys_clk_pin  {rise@0.000ns fall@5.000ns period=10.000ns})
  Destination:            slow_clock_counter_reg[20]/D
                            (rising edge-triggered cell FDRE clocked by sys_clk_pin  {rise@0.000ns fall@5.000ns period=10.000ns})
  Path Group:             sys_clk_pin
  Path Type:              Setup (Max at Slow Process Corner)
  Requirement:            10.000ns  (sys_clk_pin rise@10.000ns - sys_clk_pin rise@0.000ns)
  Data Path Delay:        2.492ns  (logic 1.862ns (74.722%)  route 0.630ns (25.278%))
  Logic Levels:           6  (CARRY4=6)
  Clock Path Skew:        -0.136ns (DCD - SCD + CPR)
    Destination Clock Delay (DCD):    5.019ns = ( 15.019 - 10.000 ) 
    Source Clock Delay      (SCD):    5.335ns
    Clock Pessimism Removal (CPR):    0.180ns
  Clock Uncertainty:      0.035ns  ((TSJ^2 + TIJ^2)^1/2 + DJ) / 2 + PE
    Total System Jitter     (TSJ):    0.071ns
    Total Input Jitter      (TIJ):    0.000ns
    Discrete Jitter          (DJ):    0.000ns
    Phase Error              (PE):    0.000ns

    Location             Delay type                Incr(ns)  Path(ns)    Netlist Resource(s)
  -------------------------------------------------------------------    -------------------
                         (clock sys_clk_pin rise edge)
                                                      0.000     0.000 r  
    E3                                                0.000     0.000 r  CLK100MHZ (IN)
                         net (fo=0)                   0.000     0.000    CLK100MHZ
    E3                   IBUF (Prop_ibuf_I_O)         1.482     1.482 r  CLK100MHZ_IBUF_inst/O
                         net (fo=1, routed)           2.025     3.506    CLK100MHZ_IBUF
    BUFGCTRL_X0Y16       BUFG (Prop_bufg_I_O)         0.096     3.602 r  CLK100MHZ_IBUF_BUFG_inst/O
                         net (fo=29, routed)          1.732     5.335    CLK100MHZ_IBUF_BUFG
    SLICE_X88Y95         FDRE                                         r  slow_clock_counter_reg[1]/C
  -------------------------------------------------------------------    -------------------
    SLICE_X88Y95         FDRE (Prop_fdre_C_Q)         0.518     5.853 r  slow_clock_counter_reg[1]/Q
                         net (fo=1, routed)           0.629     6.482    slow_clock_counter_reg_n_0_[1]
    SLICE_X88Y95         CARRY4 (Prop_carry4_S[1]_CO[3])
                                                      0.657     7.139 r  slow_clock_counter_reg[0]_i_1/CO[3]
                         net (fo=1, routed)           0.000     7.139    slow_clock_counter_reg[0]_i_1_n_0
    SLICE_X88Y96         CARRY4 (Prop_carry4_CI_CO[3])
                                                      0.117     7.256 r  slow_clock_counter_reg[4]_i_1/CO[3]
                         net (fo=1, routed)           0.000     7.256    slow_clock_counter_reg[4]_i_1_n_0
    SLICE_X88Y97         CARRY4 (Prop_carry4_CI_CO[3])
                                                      0.117     7.373 r  slow_clock_counter_reg[8]_i_1/CO[3]
                         net (fo=1, routed)           0.000     7.373    slow_clock_counter_reg[8]_i_1_n_0
    SLICE_X88Y98         CARRY4 (Prop_carry4_CI_CO[3])
                                                      0.117     7.490 r  slow_clock_counter_reg[12]_i_1/CO[3]
                         net (fo=1, routed)           0.000     7.490    slow_clock_counter_reg[12]_i_1_n_0
    SLICE_X88Y99         CARRY4 (Prop_carry4_CI_CO[3])
                                                      0.117     7.607 r  slow_clock_counter_reg[16]_i_1/CO[3]
                         net (fo=1, routed)           0.001     7.608    slow_clock_counter_reg[16]_i_1_n_0
    SLICE_X88Y100        CARRY4 (Prop_carry4_CI_O[0])
                                                      0.219     7.827 r  slow_clock_counter_reg[20]_i_1/O[0]
                         net (fo=1, routed)           0.000     7.827    slow_clock_counter_reg[20]_i_1_n_7
    SLICE_X88Y100        FDRE                                         r  slow_clock_counter_reg[20]/D
  -------------------------------------------------------------------    -------------------

                         (clock sys_clk_pin rise edge)
                                                     10.000    10.000 r  
    E3                                                0.000    10.000 r  CLK100MHZ (IN)
                         net (fo=0)                   0.000    10.000    CLK100MHZ
    E3                   IBUF (Prop_ibuf_I_O)         1.411    11.411 r  CLK100MHZ_IBUF_inst/O
                         net (fo=1, routed)           1.920    13.331    CLK100MHZ_IBUF
    BUFGCTRL_X0Y16       BUFG (Prop_bufg_I_O)         0.091    13.422 r  CLK100MHZ_IBUF_BUFG_inst/O
                         net (fo=29, routed)          1.597    15.019    CLK100MHZ_IBUF_BUFG
    SLICE_X88Y100        FDRE                                         r  slow_clock_counter_reg[20]/C
                         clock pessimism              0.180    15.199    
                         clock uncertainty           -0.035    15.164    
    SLICE_X88Y100        FDRE (Setup_fdre_C_D)        0.109    15.273    slow_clock_counter_reg[20]
  -------------------------------------------------------------------
                         required time                         15.273    
                         arrival time                          -7.827    
  -------------------------------------------------------------------
                         slack                                  7.446    

Slack (MET) :             7.571ns  (required time - arrival time)
  Source:                 slow_clock_counter_reg[1]/C
                            (rising edge-triggered cell FDRE clocked by sys_clk_pin  {rise@0.000ns fall@5.000ns period=10.000ns})
  Destination:            slow_clock_counter_reg[17]/D
                            (rising edge-triggered cell FDRE clocked by sys_clk_pin  {rise@0.000ns fall@5.000ns period=10.000ns})
  Path Group:             sys_clk_pin
  Path Type:              Setup (Max at Slow Process Corner)
  Requirement:            10.000ns  (sys_clk_pin rise@10.000ns - sys_clk_pin rise@0.000ns)
  Data Path Delay:        2.478ns  (logic 1.849ns (74.610%)  route 0.629ns (25.390%))
  Logic Levels:           5  (CARRY4=5)
  Clock Path Skew:        -0.024ns (DCD - SCD + CPR)
    Destination Clock Delay (DCD):    5.036ns = ( 15.036 - 10.000 ) 
    Source Clock Delay      (SCD):    5.335ns
    Clock Pessimism Removal (CPR):    0.275ns
  Clock Uncertainty:      0.035ns  ((TSJ^2 + TIJ^2)^1/2 + DJ) / 2 + PE
    Total System Jitter     (TSJ):    0.071ns
    Total Input Jitter      (TIJ):    0.000ns
    Discrete Jitter          (DJ):    0.000ns
    Phase Error              (PE):    0.000ns

    Location             Delay type                Incr(ns)  Path(ns)    Netlist Resource(s)
  -------------------------------------------------------------------    -------------------
                         (clock sys_clk_pin rise edge)
                                                      0.000     0.000 r  
    E3                                                0.000     0.000 r  CLK100MHZ (IN)
                         net (fo=0)                   0.000     0.000    CLK100MHZ
    E3                   IBUF (Prop_ibuf_I_O)         1.482     1.482 r  CLK100MHZ_IBUF_inst/O
                         net (fo=1, routed)           2.025     3.506    CLK100MHZ_IBUF
    BUFGCTRL_X0Y16       BUFG (Prop_bufg_I_O)         0.096     3.602 r  CLK100MHZ_IBUF_BUFG_inst/O
                         net (fo=29, routed)          1.732     5.335    CLK100MHZ_IBUF_BUFG
    SLICE_X88Y95         FDRE                                         r  slow_clock_counter_reg[1]/C
  -------------------------------------------------------------------    -------------------
    SLICE_X88Y95         FDRE (Prop_fdre_C_Q)         0.518     5.853 r  slow_clock_counter_reg[1]/Q
                         net (fo=1, routed)           0.629     6.482    slow_clock_counter_reg_n_0_[1]
    SLICE_X88Y95         CARRY4 (Prop_carry4_S[1]_CO[3])
                                                      0.657     7.139 r  slow_clock_counter_reg[0]_i_1/CO[3]
                         net (fo=1, routed)           0.000     7.139    slow_clock_counter_reg[0]_i_1_n_0
    SLICE_X88Y96         CARRY4 (Prop_carry4_CI_CO[3])
                                                      0.117     7.256 r  slow_clock_counter_reg[4]_i_1/CO[3]
                         net (fo=1, routed)           0.000     7.256    slow_clock_counter_reg[4]_i_1_n_0
    SLICE_X88Y97         CARRY4 (Prop_carry4_CI_CO[3])
                                                      0.117     7.373 r  slow_clock_counter_reg[8]_i_1/CO[3]
                         net (fo=1, routed)           0.000     7.373    slow_clock_counter_reg[8]_i_1_n_0
    SLICE_X88Y98         CARRY4 (Prop_carry4_CI_CO[3])
                                                      0.117     7.490 r  slow_clock_counter_reg[12]_i_1/CO[3]
                         net (fo=1, routed)           0.000     7.490    slow_clock_counter_reg[12]_i_1_n_0
    SLICE_X88Y99         CARRY4 (Prop_carry4_CI_O[1])
                                                      0.323     7.813 r  slow_clock_counter_reg[16]_i_1/O[1]
                         net (fo=1, routed)           0.000     7.813    slow_clock_counter_reg[16]_i_1_n_6
    SLICE_X88Y99         FDRE                                         r  slow_clock_counter_reg[17]/D
  -------------------------------------------------------------------    -------------------

                         (clock sys_clk_pin rise edge)
                                                     10.000    10.000 r  
    E3                                                0.000    10.000 r  CLK100MHZ (IN)
                         net (fo=0)                   0.000    10.000    CLK100MHZ
    E3                   IBUF (Prop_ibuf_I_O)         1.411    11.411 r  CLK100MHZ_IBUF_inst/O
                         net (fo=1, routed)           1.920    13.331    CLK100MHZ_IBUF
    BUFGCTRL_X0Y16       BUFG (Prop_bufg_I_O)         0.091    13.422 r  CLK100MHZ_IBUF_BUFG_inst/O
                         net (fo=29, routed)          1.613    15.036    CLK100MHZ_IBUF_BUFG
    SLICE_X88Y99         FDRE                                         r  slow_clock_counter_reg[17]/C
                         clock pessimism              0.275    15.311    
                         clock uncertainty           -0.035    15.275    
    SLICE_X88Y99         FDRE (Setup_fdre_C_D)        0.109    15.384    slow_clock_counter_reg[17]
  -------------------------------------------------------------------
                         required time                         15.384    
                         arrival time                          -7.813    
  -------------------------------------------------------------------
                         slack                                  7.571    

Slack (MET) :             7.579ns  (required time - arrival time)
  Source:                 slow_clock_counter_reg[1]/C
                            (rising edge-triggered cell FDRE clocked by sys_clk_pin  {rise@0.000ns fall@5.000ns period=10.000ns})
  Destination:            slow_clock_counter_reg[19]/D
                            (rising edge-triggered cell FDRE clocked by sys_clk_pin  {rise@0.000ns fall@5.000ns period=10.000ns})
  Path Group:             sys_clk_pin
  Path Type:              Setup (Max at Slow Process Corner)
  Requirement:            10.000ns  (sys_clk_pin rise@10.000ns - sys_clk_pin rise@0.000ns)
  Data Path Delay:        2.470ns  (logic 1.841ns (74.528%)  route 0.629ns (25.472%))
  Logic Levels:           5  (CARRY4=5)
  Clock Path Skew:        -0.024ns (DCD - SCD + CPR)
    Destination Clock Delay (DCD):    5.036ns = ( 15.036 - 10.000 ) 
    Source Clock Delay      (SCD):    5.335ns
    Clock Pessimism Removal (CPR):    0.275ns
  Clock Uncertainty:      0.035ns  ((TSJ^2 + TIJ^2)^1/2 + DJ) / 2 + PE
    Total System Jitter     (TSJ):    0.071ns
    Total Input Jitter      (TIJ):    0.000ns
    Discrete Jitter          (DJ):    0.000ns
    Phase Error              (PE):    0.000ns

    Location             Delay type                Incr(ns)  Path(ns)    Netlist Resource(s)
  -------------------------------------------------------------------    -------------------
                         (clock sys_clk_pin rise edge)
                                                      0.000     0.000 r  
    E3                                                0.000     0.000 r  CLK100MHZ (IN)
                         net (fo=0)                   0.000     0.000    CLK100MHZ
    E3                   IBUF (Prop_ibuf_I_O)         1.482     1.482 r  CLK100MHZ_IBUF_inst/O
                         net (fo=1, routed)           2.025     3.506    CLK100MHZ_IBUF
    BUFGCTRL_X0Y16       BUFG (Prop_bufg_I_O)         0.096     3.602 r  CLK100MHZ_IBUF_BUFG_inst/O
                         net (fo=29, routed)          1.732     5.335    CLK100MHZ_IBUF_BUFG
    SLICE_X88Y95         FDRE                                         r  slow_clock_counter_reg[1]/C
  -------------------------------------------------------------------    -------------------
    SLICE_X88Y95         FDRE (Prop_fdre_C_Q)         0.518     5.853 r  slow_clock_counter_reg[1]/Q
                         net (fo=1, routed)           0.629     6.482    slow_clock_counter_reg_n_0_[1]
    SLICE_X88Y95         CARRY4 (Prop_carry4_S[1]_CO[3])
                                                      0.657     7.139 r  slow_clock_counter_reg[0]_i_1/CO[3]
                         net (fo=1, routed)           0.000     7.139    slow_clock_counter_reg[0]_i_1_n_0
    SLICE_X88Y96         CARRY4 (Prop_carry4_CI_CO[3])
                                                      0.117     7.256 r  slow_clock_counter_reg[4]_i_1/CO[3]
                         net (fo=1, routed)           0.000     7.256    slow_clock_counter_reg[4]_i_1_n_0
    SLICE_X88Y97         CARRY4 (Prop_carry4_CI_CO[3])
                                                      0.117     7.373 r  slow_clock_counter_reg[8]_i_1/CO[3]
                         net (fo=1, routed)           0.000     7.373    slow_clock_counter_reg[8]_i_1_n_0
    SLICE_X88Y98         CARRY4 (Prop_carry4_CI_CO[3])
                                                      0.117     7.490 r  slow_clock_counter_reg[12]_i_1/CO[3]
                         net (fo=1, routed)           0.000     7.490    slow_clock_counter_reg[12]_i_1_n_0
    SLICE_X88Y99         CARRY4 (Prop_carry4_CI_O[3])
                                                      0.315     7.805 r  slow_clock_counter_reg[16]_i_1/O[3]
                         net (fo=1, routed)           0.000     7.805    slow_clock_counter_reg[16]_i_1_n_4
    SLICE_X88Y99         FDRE                                         r  slow_clock_counter_reg[19]/D
  -------------------------------------------------------------------    -------------------

                         (clock sys_clk_pin rise edge)
                                                     10.000    10.000 r  
    E3                                                0.000    10.000 r  CLK100MHZ (IN)
                         net (fo=0)                   0.000    10.000    CLK100MHZ
    E3                   IBUF (Prop_ibuf_I_O)         1.411    11.411 r  CLK100MHZ_IBUF_inst/O
                         net (fo=1, routed)           1.920    13.331    CLK100MHZ_IBUF
    BUFGCTRL_X0Y16       BUFG (Prop_bufg_I_O)         0.091    13.422 r  CLK100MHZ_IBUF_BUFG_inst/O
                         net (fo=29, routed)          1.613    15.036    CLK100MHZ_IBUF_BUFG
    SLICE_X88Y99         FDRE                                         r  slow_clock_counter_reg[19]/C
                         clock pessimism              0.275    15.311    
                         clock uncertainty           -0.035    15.275    
    SLICE_X88Y99         FDRE (Setup_fdre_C_D)        0.109    15.384    slow_clock_counter_reg[19]
  -------------------------------------------------------------------
                         required time                         15.384    
                         arrival time                          -7.805    
  -------------------------------------------------------------------
                         slack                                  7.579    





Min Delay Paths
--------------------------------------------------------------------------------------
Slack (MET) :             0.088ns  (arrival time - required time)
  Source:                 slow_clock_counter_reg[18]/C
                            (rising edge-triggered cell FDRE clocked by sys_clk_pin  {rise@0.000ns fall@5.000ns period=10.000ns})
  Destination:            slow_clock_counter_reg[20]/D
                            (rising edge-triggered cell FDRE clocked by sys_clk_pin  {rise@0.000ns fall@5.000ns period=10.000ns})
  Path Group:             sys_clk_pin
  Path Type:              Hold (Min at Fast Process Corner)
  Requirement:            0.000ns  (sys_clk_pin rise@0.000ns - sys_clk_pin rise@0.000ns)
  Data Path Delay:        0.488ns  (logic 0.373ns (76.423%)  route 0.115ns (23.577%))
  Logic Levels:           2  (CARRY4=2)
  Clock Path Skew:        0.266ns (DCD - SCD - CPR)
    Destination Clock Delay (DCD):    2.039ns
    Source Clock Delay      (SCD):    1.527ns
    Clock Pessimism Removal (CPR):    0.245ns

    Location             Delay type                Incr(ns)  Path(ns)    Netlist Resource(s)
  -------------------------------------------------------------------    -------------------
                         (clock sys_clk_pin rise edge)
                                                      0.000     0.000 r  
    E3                                                0.000     0.000 r  CLK100MHZ (IN)
                         net (fo=0)                   0.000     0.000    CLK100MHZ
    E3                   IBUF (Prop_ibuf_I_O)         0.250     0.250 r  CLK100MHZ_IBUF_inst/O
                         net (fo=1, routed)           0.644     0.894    CLK100MHZ_IBUF
    BUFGCTRL_X0Y16       BUFG (Prop_bufg_I_O)         0.026     0.920 r  CLK100MHZ_IBUF_BUFG_inst/O
                         net (fo=29, routed)          0.608     1.527    CLK100MHZ_IBUF_BUFG
    SLICE_X88Y99         FDRE                                         r  slow_clock_counter_reg[18]/C
  -------------------------------------------------------------------    -------------------
    SLICE_X88Y99         FDRE (Prop_fdre_C_Q)         0.164     1.691 r  slow_clock_counter_reg[18]/Q
                         net (fo=1, routed)           0.114     1.806    slow_clock_counter_reg_n_0_[18]
    SLICE_X88Y99         CARRY4 (Prop_carry4_S[2]_CO[3])
                                                      0.156     1.962 r  slow_clock_counter_reg[16]_i_1/CO[3]
                         net (fo=1, routed)           0.001     1.962    slow_clock_counter_reg[16]_i_1_n_0
    SLICE_X88Y100        CARRY4 (Prop_carry4_CI_O[0])
                                                      0.053     2.015 r  slow_clock_counter_reg[20]_i_1/O[0]
                         net (fo=1, routed)           0.000     2.015    slow_clock_counter_reg[20]_i_1_n_7
    SLICE_X88Y100        FDRE                                         r  slow_clock_counter_reg[20]/D
  -------------------------------------------------------------------    -------------------

                         (clock sys_clk_pin rise edge)
                                                      0.000     0.000 r  
    E3                                                0.000     0.000 r  CLK100MHZ (IN)
                         net (fo=0)                   0.000     0.000    CLK100MHZ
    E3                   IBUF (Prop_ibuf_I_O)         0.438     0.438 r  CLK100MHZ_IBUF_inst/O
                         net (fo=1, routed)           0.699     1.136    CLK100MHZ_IBUF
    BUFGCTRL_X0Y16       BUFG (Prop_bufg_I_O)         0.029     1.165 r  CLK100MHZ_IBUF_BUFG_inst/O
                         net (fo=29, routed)          0.873     2.039    CLK100MHZ_IBUF_BUFG
    SLICE_X88Y100        FDRE                                         r  slow_clock_counter_reg[20]/C
                         clock pessimism             -0.245     1.793    
    SLICE_X88Y100        FDRE (Hold_fdre_C_D)         0.134     1.927    slow_clock_counter_reg[20]
  -------------------------------------------------------------------
                         required time                         -1.927    
                         arrival time                           2.015    
  -------------------------------------------------------------------
                         slack                                  0.088    

Slack (MET) :             0.101ns  (arrival time - required time)
  Source:                 slow_clock_counter_reg[18]/C
                            (rising edge-triggered cell FDRE clocked by sys_clk_pin  {rise@0.000ns fall@5.000ns period=10.000ns})
  Destination:            slow_clock_counter_reg[22]/D
                            (rising edge-triggered cell FDRE clocked by sys_clk_pin  {rise@0.000ns fall@5.000ns period=10.000ns})
  Path Group:             sys_clk_pin
  Path Type:              Hold (Min at Fast Process Corner)
  Requirement:            0.000ns  (sys_clk_pin rise@0.000ns - sys_clk_pin rise@0.000ns)
  Data Path Delay:        0.501ns  (logic 0.386ns (77.035%)  route 0.115ns (22.965%))
  Logic Levels:           2  (CARRY4=2)
  Clock Path Skew:        0.266ns (DCD - SCD - CPR)
    Destination Clock Delay (DCD):    2.039ns
    Source Clock Delay      (SCD):    1.527ns
    Clock Pessimism Removal (CPR):    0.245ns

    Location             Delay type                Incr(ns)  Path(ns)    Netlist Resource(s)
  -------------------------------------------------------------------    -------------------
                         (clock sys_clk_pin rise edge)
                                                      0.000     0.000 r  
    E3                                                0.000     0.000 r  CLK100MHZ (IN)
                         net (fo=0)                   0.000     0.000    CLK100MHZ
    E3                   IBUF (Prop_ibuf_I_O)         0.250     0.250 r  CLK100MHZ_IBUF_inst/O
                         net (fo=1, routed)           0.644     0.894    CLK100MHZ_IBUF
    BUFGCTRL_X0Y16       BUFG (Prop_bufg_I_O)         0.026     0.920 r  CLK100MHZ_IBUF_BUFG_inst/O
                         net (fo=29, routed)          0.608     1.527    CLK100MHZ_IBUF_BUFG
    SLICE_X88Y99         FDRE                                         r  slow_clock_counter_reg[18]/C
  -------------------------------------------------------------------    -------------------
    SLICE_X88Y99         FDRE (Prop_fdre_C_Q)         0.164     1.691 r  slow_clock_counter_reg[18]/Q
                         net (fo=1, routed)           0.114     1.806    slow_clock_counter_reg_n_0_[18]
    SLICE_X88Y99         CARRY4 (Prop_carry4_S[2]_CO[3])
                                                      0.156     1.962 r  slow_clock_counter_reg[16]_i_1/CO[3]
                         net (fo=1, routed)           0.001     1.962    slow_clock_counter_reg[16]_i_1_n_0
    SLICE_X88Y100        CARRY4 (Prop_carry4_CI_O[2])
                                                      0.066     2.028 r  slow_clock_counter_reg[20]_i_1/O[2]
                         net (fo=1, routed)           0.000     2.028    slow_clock_counter_reg[20]_i_1_n_5
    SLICE_X88Y100        FDRE                                         r  slow_clock_counter_reg[22]/D
  -------------------------------------------------------------------    -------------------

                         (clock sys_clk_pin rise edge)
                                                      0.000     0.000 r  
    E3                                                0.000     0.000 r  CLK100MHZ (IN)
                         net (fo=0)                   0.000     0.000    CLK100MHZ
    E3                   IBUF (Prop_ibuf_I_O)         0.438     0.438 r  CLK100MHZ_IBUF_inst/O
                         net (fo=1, routed)           0.699     1.136    CLK100MHZ_IBUF
    BUFGCTRL_X0Y16       BUFG (Prop_bufg_I_O)         0.029     1.165 r  CLK100MHZ_IBUF_BUFG_inst/O
                         net (fo=29, routed)          0.873     2.039    CLK100MHZ_IBUF_BUFG
    SLICE_X88Y100        FDRE                                         r  slow_clock_counter_reg[22]/C
                         clock pessimism             -0.245     1.793    
    SLICE_X88Y100        FDRE (Hold_fdre_C_D)         0.134     1.927    slow_clock_counter_reg[22]
  -------------------------------------------------------------------
                         required time                         -1.927    
                         arrival time                           2.028    
  -------------------------------------------------------------------
                         slack                                  0.101    

Slack (MET) :             0.124ns  (arrival time - required time)
  Source:                 slow_clock_counter_reg[18]/C
                            (rising edge-triggered cell FDRE clocked by sys_clk_pin  {rise@0.000ns fall@5.000ns period=10.000ns})
  Destination:            slow_clock_counter_reg[21]/D
                            (rising edge-triggered cell FDRE clocked by sys_clk_pin  {rise@0.000ns fall@5.000ns period=10.000ns})
  Path Group:             sys_clk_pin
  Path Type:              Hold (Min at Fast Process Corner)
  Requirement:            0.000ns  (sys_clk_pin rise@0.000ns - sys_clk_pin rise@0.000ns)
  Data Path Delay:        0.524ns  (logic 0.409ns (78.043%)  route 0.115ns (21.957%))
  Logic Levels:           2  (CARRY4=2)
  Clock Path Skew:        0.266ns (DCD - SCD - CPR)
    Destination Clock Delay (DCD):    2.039ns
    Source Clock Delay      (SCD):    1.527ns
    Clock Pessimism Removal (CPR):    0.245ns

    Location             Delay type                Incr(ns)  Path(ns)    Netlist Resource(s)
  -------------------------------------------------------------------    -------------------
                         (clock sys_clk_pin rise edge)
                                                      0.000     0.000 r  
    E3                                                0.000     0.000 r  CLK100MHZ (IN)
                         net (fo=0)                   0.000     0.000    CLK100MHZ
    E3                   IBUF (Prop_ibuf_I_O)         0.250     0.250 r  CLK100MHZ_IBUF_inst/O
                         net (fo=1, routed)           0.644     0.894    CLK100MHZ_IBUF
    BUFGCTRL_X0Y16       BUFG (Prop_bufg_I_O)         0.026     0.920 r  CLK100MHZ_IBUF_BUFG_inst/O
                         net (fo=29, routed)          0.608     1.527    CLK100MHZ_IBUF_BUFG
    SLICE_X88Y99         FDRE                                         r  slow_clock_counter_reg[18]/C
  -------------------------------------------------------------------    -------------------
    SLICE_X88Y99         FDRE (Prop_fdre_C_Q)         0.164     1.691 r  slow_clock_counter_reg[18]/Q
                         net (fo=1, routed)           0.114     1.806    slow_clock_counter_reg_n_0_[18]
    SLICE_X88Y99         CARRY4 (Prop_carry4_S[2]_CO[3])
                                                      0.156     1.962 r  slow_clock_counter_reg[16]_i_1/CO[3]
                         net (fo=1, routed)           0.001     1.962    slow_clock_counter_reg[16]_i_1_n_0
    SLICE_X88Y100        CARRY4 (Prop_carry4_CI_O[1])
                                                      0.089     2.051 r  slow_clock_counter_reg[20]_i_1/O[1]
                         net (fo=1, routed)           0.000     2.051    slow_clock_counter_reg[20]_i_1_n_6
    SLICE_X88Y100        FDRE                                         r  slow_clock_counter_reg[21]/D
  -------------------------------------------------------------------    -------------------

                         (clock sys_clk_pin rise edge)
                                                      0.000     0.000 r  
    E3                                                0.000     0.000 r  CLK100MHZ (IN)
                         net (fo=0)                   0.000     0.000    CLK100MHZ
    E3                   IBUF (Prop_ibuf_I_O)         0.438     0.438 r  CLK100MHZ_IBUF_inst/O
                         net (fo=1, routed)           0.699     1.136    CLK100MHZ_IBUF
    BUFGCTRL_X0Y16       BUFG (Prop_bufg_I_O)         0.029     1.165 r  CLK100MHZ_IBUF_BUFG_inst/O
                         net (fo=29, routed)          0.873     2.039    CLK100MHZ_IBUF_BUFG
    SLICE_X88Y100        FDRE                                         r  slow_clock_counter_reg[21]/C
                         clock pessimism             -0.245     1.793    
    SLICE_X88Y100        FDRE (Hold_fdre_C_D)         0.134     1.927    slow_clock_counter_reg[21]
  -------------------------------------------------------------------
                         required time                         -1.927    
                         arrival time                           2.051    
  -------------------------------------------------------------------
                         slack                                  0.124    

Slack (MET) :             0.126ns  (arrival time - required time)
  Source:                 slow_clock_counter_reg[18]/C
                            (rising edge-triggered cell FDRE clocked by sys_clk_pin  {rise@0.000ns fall@5.000ns period=10.000ns})
  Destination:            slow_clock_counter_reg[23]/D
                            (rising edge-triggered cell FDRE clocked by sys_clk_pin  {rise@0.000ns fall@5.000ns period=10.000ns})
  Path Group:             sys_clk_pin
  Path Type:              Hold (Min at Fast Process Corner)
  Requirement:            0.000ns  (sys_clk_pin rise@0.000ns - sys_clk_pin rise@0.000ns)
  Data Path Delay:        0.526ns  (logic 0.411ns (78.126%)  route 0.115ns (21.874%))
  Logic Levels:           2  (CARRY4=2)
  Clock Path Skew:        0.266ns (DCD - SCD - CPR)
    Destination Clock Delay (DCD):    2.039ns
    Source Clock Delay      (SCD):    1.527ns
    Clock Pessimism Removal (CPR):    0.245ns

    Location             Delay type                Incr(ns)  Path(ns)    Netlist Resource(s)
  -------------------------------------------------------------------    -------------------
                         (clock sys_clk_pin rise edge)
                                                      0.000     0.000 r  
    E3                                                0.000     0.000 r  CLK100MHZ (IN)
                         net (fo=0)                   0.000     0.000    CLK100MHZ
    E3                   IBUF (Prop_ibuf_I_O)         0.250     0.250 r  CLK100MHZ_IBUF_inst/O
                         net (fo=1, routed)           0.644     0.894    CLK100MHZ_IBUF
    BUFGCTRL_X0Y16       BUFG (Prop_bufg_I_O)         0.026     0.920 r  CLK100MHZ_IBUF_BUFG_inst/O
                         net (fo=29, routed)          0.608     1.527    CLK100MHZ_IBUF_BUFG
    SLICE_X88Y99         FDRE                                         r  slow_clock_counter_reg[18]/C
  -------------------------------------------------------------------    -------------------
    SLICE_X88Y99         FDRE (Prop_fdre_C_Q)         0.164     1.691 r  slow_clock_counter_reg[18]/Q
                         net (fo=1, routed)           0.114     1.806    slow_clock_counter_reg_n_0_[18]
    SLICE_X88Y99         CARRY4 (Prop_carry4_S[2]_CO[3])
                                                      0.156     1.962 r  slow_clock_counter_reg[16]_i_1/CO[3]
                         net (fo=1, routed)           0.001     1.962    slow_clock_counter_reg[16]_i_1_n_0
    SLICE_X88Y100        CARRY4 (Prop_carry4_CI_O[3])
                                                      0.091     2.053 r  slow_clock_counter_reg[20]_i_1/O[3]
                         net (fo=1, routed)           0.000     2.053    slow_clock_counter_reg[20]_i_1_n_4
    SLICE_X88Y100        FDRE                                         r  slow_clock_counter_reg[23]/D
  -------------------------------------------------------------------    -------------------

                         (clock sys_clk_pin rise edge)
                                                      0.000     0.000 r  
    E3                                                0.000     0.000 r  CLK100MHZ (IN)
                         net (fo=0)                   0.000     0.000    CLK100MHZ
    E3                   IBUF (Prop_ibuf_I_O)         0.438     0.438 r  CLK100MHZ_IBUF_inst/O
                         net (fo=1, routed)           0.699     1.136    CLK100MHZ_IBUF
    BUFGCTRL_X0Y16       BUFG (Prop_bufg_I_O)         0.029     1.165 r  CLK100MHZ_IBUF_BUFG_inst/O
                         net (fo=29, routed)          0.873     2.039    CLK100MHZ_IBUF_BUFG
    SLICE_X88Y100        FDRE                                         r  slow_clock_counter_reg[23]/C
                         clock pessimism             -0.245     1.793    
    SLICE_X88Y100        FDRE (Hold_fdre_C_D)         0.134     1.927    slow_clock_counter_reg[23]
  -------------------------------------------------------------------
                         required time                         -1.927    
                         arrival time                           2.053    
  -------------------------------------------------------------------
                         slack                                  0.126    

Slack (MET) :             0.128ns  (arrival time - required time)
  Source:                 slow_clock_counter_reg[18]/C
                            (rising edge-triggered cell FDRE clocked by sys_clk_pin  {rise@0.000ns fall@5.000ns period=10.000ns})
  Destination:            slow_clock_counter_reg[24]/D
                            (rising edge-triggered cell FDRE clocked by sys_clk_pin  {rise@0.000ns fall@5.000ns period=10.000ns})
  Path Group:             sys_clk_pin
  Path Type:              Hold (Min at Fast Process Corner)
  Requirement:            0.000ns  (sys_clk_pin rise@0.000ns - sys_clk_pin rise@0.000ns)
  Data Path Delay:        0.528ns  (logic 0.413ns (78.209%)  route 0.115ns (21.791%))
  Logic Levels:           3  (CARRY4=3)
  Clock Path Skew:        0.266ns (DCD - SCD - CPR)
    Destination Clock Delay (DCD):    2.039ns
    Source Clock Delay      (SCD):    1.527ns
    Clock Pessimism Removal (CPR):    0.245ns

    Location             Delay type                Incr(ns)  Path(ns)    Netlist Resource(s)
  -------------------------------------------------------------------    -------------------
                         (clock sys_clk_pin rise edge)
                                                      0.000     0.000 r  
    E3                                                0.000     0.000 r  CLK100MHZ (IN)
                         net (fo=0)                   0.000     0.000    CLK100MHZ
    E3                   IBUF (Prop_ibuf_I_O)         0.250     0.250 r  CLK100MHZ_IBUF_inst/O
                         net (fo=1, routed)           0.644     0.894    CLK100MHZ_IBUF
    BUFGCTRL_X0Y16       BUFG (Prop_bufg_I_O)         0.026     0.920 r  CLK100MHZ_IBUF_BUFG_inst/O
                         net (fo=29, routed)          0.608     1.527    CLK100MHZ_IBUF_BUFG
    SLICE_X88Y99         FDRE                                         r  slow_clock_counter_reg[18]/C
  -------------------------------------------------------------------    -------------------
    SLICE_X88Y99         FDRE (Prop_fdre_C_Q)         0.164     1.691 r  slow_clock_counter_reg[18]/Q
                         net (fo=1, routed)           0.114     1.806    slow_clock_counter_reg_n_0_[18]
    SLICE_X88Y99         CARRY4 (Prop_carry4_S[2]_CO[3])
                                                      0.156     1.962 r  slow_clock_counter_reg[16]_i_1/CO[3]
                         net (fo=1, routed)           0.001     1.962    slow_clock_counter_reg[16]_i_1_n_0
    SLICE_X88Y100        CARRY4 (Prop_carry4_CI_CO[3])
                                                      0.040     2.002 r  slow_clock_counter_reg[20]_i_1/CO[3]
                         net (fo=1, routed)           0.000     2.002    slow_clock_counter_reg[20]_i_1_n_0
    SLICE_X88Y101        CARRY4 (Prop_carry4_CI_O[0])
                                                      0.053     2.055 r  slow_clock_counter_reg[24]_i_1/O[0]
                         net (fo=1, routed)           0.000     2.055    slow_clock_counter_reg[24]_i_1_n_7
    SLICE_X88Y101        FDRE                                         r  slow_clock_counter_reg[24]/D
  -------------------------------------------------------------------    -------------------

                         (clock sys_clk_pin rise edge)
                                                      0.000     0.000 r  
    E3                                                0.000     0.000 r  CLK100MHZ (IN)
                         net (fo=0)                   0.000     0.000    CLK100MHZ
    E3                   IBUF (Prop_ibuf_I_O)         0.438     0.438 r  CLK100MHZ_IBUF_inst/O
                         net (fo=1, routed)           0.699     1.136    CLK100MHZ_IBUF
    BUFGCTRL_X0Y16       BUFG (Prop_bufg_I_O)         0.029     1.165 r  CLK100MHZ_IBUF_BUFG_inst/O
                         net (fo=29, routed)          0.873     2.039    CLK100MHZ_IBUF_BUFG
    SLICE_X88Y101        FDRE                                         r  slow_clock_counter_reg[24]/C
                         clock pessimism             -0.245     1.793    
    SLICE_X88Y101        FDRE (Hold_fdre_C_D)         0.134     1.927    slow_clock_counter_reg[24]
  -------------------------------------------------------------------
                         required time                         -1.927    
                         arrival time                           2.055    
  -------------------------------------------------------------------
                         slack                                  0.128    

Slack (MET) :             0.141ns  (arrival time - required time)
  Source:                 slow_clock_counter_reg[18]/C
                            (rising edge-triggered cell FDRE clocked by sys_clk_pin  {rise@0.000ns fall@5.000ns period=10.000ns})
  Destination:            slow_clock_counter_reg[26]/D
                            (rising edge-triggered cell FDRE clocked by sys_clk_pin  {rise@0.000ns fall@5.000ns period=10.000ns})
  Path Group:             sys_clk_pin
  Path Type:              Hold (Min at Fast Process Corner)
  Requirement:            0.000ns  (sys_clk_pin rise@0.000ns - sys_clk_pin rise@0.000ns)
  Data Path Delay:        0.541ns  (logic 0.426ns (78.732%)  route 0.115ns (21.268%))
  Logic Levels:           3  (CARRY4=3)
  Clock Path Skew:        0.266ns (DCD - SCD - CPR)
    Destination Clock Delay (DCD):    2.039ns
    Source Clock Delay      (SCD):    1.527ns
    Clock Pessimism Removal (CPR):    0.245ns

    Location             Delay type                Incr(ns)  Path(ns)    Netlist Resource(s)
  -------------------------------------------------------------------    -------------------
                         (clock sys_clk_pin rise edge)
                                                      0.000     0.000 r  
    E3                                                0.000     0.000 r  CLK100MHZ (IN)
                         net (fo=0)                   0.000     0.000    CLK100MHZ
    E3                   IBUF (Prop_ibuf_I_O)         0.250     0.250 r  CLK100MHZ_IBUF_inst/O
                         net (fo=1, routed)           0.644     0.894    CLK100MHZ_IBUF
    BUFGCTRL_X0Y16       BUFG (Prop_bufg_I_O)         0.026     0.920 r  CLK100MHZ_IBUF_BUFG_inst/O
                         net (fo=29, routed)          0.608     1.527    CLK100MHZ_IBUF_BUFG
    SLICE_X88Y99         FDRE                                         r  slow_clock_counter_reg[18]/C
  -------------------------------------------------------------------    -------------------
    SLICE_X88Y99         FDRE (Prop_fdre_C_Q)         0.164     1.691 r  slow_clock_counter_reg[18]/Q
                         net (fo=1, routed)           0.114     1.806    slow_clock_counter_reg_n_0_[18]
    SLICE_X88Y99         CARRY4 (Prop_carry4_S[2]_CO[3])
                                                      0.156     1.962 r  slow_clock_counter_reg[16]_i_1/CO[3]
                         net (fo=1, routed)           0.001     1.962    slow_clock_counter_reg[16]_i_1_n_0
    SLICE_X88Y100        CARRY4 (Prop_carry4_CI_CO[3])
                                                      0.040     2.002 r  slow_clock_counter_reg[20]_i_1/CO[3]
                         net (fo=1, routed)           0.000     2.002    slow_clock_counter_reg[20]_i_1_n_0
    SLICE_X88Y101        CARRY4 (Prop_carry4_CI_O[2])
                                                      0.066     2.068 r  slow_clock_counter_reg[24]_i_1/O[2]
                         net (fo=1, routed)           0.000     2.068    slow_clock_counter_reg[24]_i_1_n_5
    SLICE_X88Y101        FDRE                                         r  slow_clock_counter_reg[26]/D
  -------------------------------------------------------------------    -------------------

                         (clock sys_clk_pin rise edge)
                                                      0.000     0.000 r  
    E3                                                0.000     0.000 r  CLK100MHZ (IN)
                         net (fo=0)                   0.000     0.000    CLK100MHZ
    E3                   IBUF (Prop_ibuf_I_O)         0.438     0.438 r  CLK100MHZ_IBUF_inst/O
                         net (fo=1, routed)           0.699     1.136    CLK100MHZ_IBUF
    BUFGCTRL_X0Y16       BUFG (Prop_bufg_I_O)         0.029     1.165 r  CLK100MHZ_IBUF_BUFG_inst/O
                         net (fo=29, routed)          0.873     2.039    CLK100MHZ_IBUF_BUFG
    SLICE_X88Y101        FDRE                                         r  slow_clock_counter_reg[26]/C
                         clock pessimism             -0.245     1.793    
    SLICE_X88Y101        FDRE (Hold_fdre_C_D)         0.134     1.927    slow_clock_counter_reg[26]
  -------------------------------------------------------------------
                         required time                         -1.927    
                         arrival time                           2.068    
  -------------------------------------------------------------------
                         slack                                  0.141    

Slack (MET) :             0.164ns  (arrival time - required time)
  Source:                 slow_clock_counter_reg[18]/C
                            (rising edge-triggered cell FDRE clocked by sys_clk_pin  {rise@0.000ns fall@5.000ns period=10.000ns})
  Destination:            slow_clock_counter_reg[25]/D
                            (rising edge-triggered cell FDRE clocked by sys_clk_pin  {rise@0.000ns fall@5.000ns period=10.000ns})
  Path Group:             sys_clk_pin
  Path Type:              Hold (Min at Fast Process Corner)
  Requirement:            0.000ns  (sys_clk_pin rise@0.000ns - sys_clk_pin rise@0.000ns)
  Data Path Delay:        0.564ns  (logic 0.449ns (79.600%)  route 0.115ns (20.400%))
  Logic Levels:           3  (CARRY4=3)
  Clock Path Skew:        0.266ns (DCD - SCD - CPR)
    Destination Clock Delay (DCD):    2.039ns
    Source Clock Delay      (SCD):    1.527ns
    Clock Pessimism Removal (CPR):    0.245ns

    Location             Delay type                Incr(ns)  Path(ns)    Netlist Resource(s)
  -------------------------------------------------------------------    -------------------
                         (clock sys_clk_pin rise edge)
                                                      0.000     0.000 r  
    E3                                                0.000     0.000 r  CLK100MHZ (IN)
                         net (fo=0)                   0.000     0.000    CLK100MHZ
    E3                   IBUF (Prop_ibuf_I_O)         0.250     0.250 r  CLK100MHZ_IBUF_inst/O
                         net (fo=1, routed)           0.644     0.894    CLK100MHZ_IBUF
    BUFGCTRL_X0Y16       BUFG (Prop_bufg_I_O)         0.026     0.920 r  CLK100MHZ_IBUF_BUFG_inst/O
                         net (fo=29, routed)          0.608     1.527    CLK100MHZ_IBUF_BUFG
    SLICE_X88Y99         FDRE                                         r  slow_clock_counter_reg[18]/C
  -------------------------------------------------------------------    -------------------
    SLICE_X88Y99         FDRE (Prop_fdre_C_Q)         0.164     1.691 r  slow_clock_counter_reg[18]/Q
                         net (fo=1, routed)           0.114     1.806    slow_clock_counter_reg_n_0_[18]
    SLICE_X88Y99         CARRY4 (Prop_carry4_S[2]_CO[3])
                                                      0.156     1.962 r  slow_clock_counter_reg[16]_i_1/CO[3]
                         net (fo=1, routed)           0.001     1.962    slow_clock_counter_reg[16]_i_1_n_0
    SLICE_X88Y100        CARRY4 (Prop_carry4_CI_CO[3])
                                                      0.040     2.002 r  slow_clock_counter_reg[20]_i_1/CO[3]
                         net (fo=1, routed)           0.000     2.002    slow_clock_counter_reg[20]_i_1_n_0
    SLICE_X88Y101        CARRY4 (Prop_carry4_CI_O[1])
                                                      0.089     2.091 r  slow_clock_counter_reg[24]_i_1/O[1]
                         net (fo=1, routed)           0.000     2.091    slow_clock_counter_reg[24]_i_1_n_6
    SLICE_X88Y101        FDRE                                         r  slow_clock_counter_reg[25]/D
  -------------------------------------------------------------------    -------------------

                         (clock sys_clk_pin rise edge)
                                                      0.000     0.000 r  
    E3                                                0.000     0.000 r  CLK100MHZ (IN)
                         net (fo=0)                   0.000     0.000    CLK100MHZ
    E3                   IBUF (Prop_ibuf_I_O)         0.438     0.438 r  CLK100MHZ_IBUF_inst/O
                         net (fo=1, routed)           0.699     1.136    CLK100MHZ_IBUF
    BUFGCTRL_X0Y16       BUFG (Prop_bufg_I_O)         0.029     1.165 r  CLK100MHZ_IBUF_BUFG_inst/O
                         net (fo=29, routed)          0.873     2.039    CLK100MHZ_IBUF_BUFG
    SLICE_X88Y101        FDRE                                         r  slow_clock_counter_reg[25]/C
                         clock pessimism             -0.245     1.793    
    SLICE_X88Y101        FDRE (Hold_fdre_C_D)         0.134     1.927    slow_clock_counter_reg[25]
  -------------------------------------------------------------------
                         required time                         -1.927    
                         arrival time                           2.091    
  -------------------------------------------------------------------
                         slack                                  0.164    

Slack (MET) :             0.166ns  (arrival time - required time)
  Source:                 slow_clock_counter_reg[18]/C
                            (rising edge-triggered cell FDRE clocked by sys_clk_pin  {rise@0.000ns fall@5.000ns period=10.000ns})
  Destination:            slow_clock_counter_reg[27]/D
                            (rising edge-triggered cell FDRE clocked by sys_clk_pin  {rise@0.000ns fall@5.000ns period=10.000ns})
  Path Group:             sys_clk_pin
  Path Type:              Hold (Min at Fast Process Corner)
  Requirement:            0.000ns  (sys_clk_pin rise@0.000ns - sys_clk_pin rise@0.000ns)
  Data Path Delay:        0.566ns  (logic 0.451ns (79.672%)  route 0.115ns (20.328%))
  Logic Levels:           3  (CARRY4=3)
  Clock Path Skew:        0.266ns (DCD - SCD - CPR)
    Destination Clock Delay (DCD):    2.039ns
    Source Clock Delay      (SCD):    1.527ns
    Clock Pessimism Removal (CPR):    0.245ns

    Location             Delay type                Incr(ns)  Path(ns)    Netlist Resource(s)
  -------------------------------------------------------------------    -------------------
                         (clock sys_clk_pin rise edge)
                                                      0.000     0.000 r  
    E3                                                0.000     0.000 r  CLK100MHZ (IN)
                         net (fo=0)                   0.000     0.000    CLK100MHZ
    E3                   IBUF (Prop_ibuf_I_O)         0.250     0.250 r  CLK100MHZ_IBUF_inst/O
                         net (fo=1, routed)           0.644     0.894    CLK100MHZ_IBUF
    BUFGCTRL_X0Y16       BUFG (Prop_bufg_I_O)         0.026     0.920 r  CLK100MHZ_IBUF_BUFG_inst/O
                         net (fo=29, routed)          0.608     1.527    CLK100MHZ_IBUF_BUFG
    SLICE_X88Y99         FDRE                                         r  slow_clock_counter_reg[18]/C
  -------------------------------------------------------------------    -------------------
    SLICE_X88Y99         FDRE (Prop_fdre_C_Q)         0.164     1.691 r  slow_clock_counter_reg[18]/Q
                         net (fo=1, routed)           0.114     1.806    slow_clock_counter_reg_n_0_[18]
    SLICE_X88Y99         CARRY4 (Prop_carry4_S[2]_CO[3])
                                                      0.156     1.962 r  slow_clock_counter_reg[16]_i_1/CO[3]
                         net (fo=1, routed)           0.001     1.962    slow_clock_counter_reg[16]_i_1_n_0
    SLICE_X88Y100        CARRY4 (Prop_carry4_CI_CO[3])
                                                      0.040     2.002 r  slow_clock_counter_reg[20]_i_1/CO[3]
                         net (fo=1, routed)           0.000     2.002    slow_clock_counter_reg[20]_i_1_n_0
    SLICE_X88Y101        CARRY4 (Prop_carry4_CI_O[3])
                                                      0.091     2.093 r  slow_clock_counter_reg[24]_i_1/O[3]
                         net (fo=1, routed)           0.000     2.093    slow_clock_counter_reg[24]_i_1_n_4
    SLICE_X88Y101        FDRE                                         r  slow_clock_counter_reg[27]/D
  -------------------------------------------------------------------    -------------------

                         (clock sys_clk_pin rise edge)
                                                      0.000     0.000 r  
    E3                                                0.000     0.000 r  CLK100MHZ (IN)
                         net (fo=0)                   0.000     0.000    CLK100MHZ
    E3                   IBUF (Prop_ibuf_I_O)         0.438     0.438 r  CLK100MHZ_IBUF_inst/O
                         net (fo=1, routed)           0.699     1.136    CLK100MHZ_IBUF
    BUFGCTRL_X0Y16       BUFG (Prop_bufg_I_O)         0.029     1.165 r  CLK100MHZ_IBUF_BUFG_inst/O
                         net (fo=29, routed)          0.873     2.039    CLK100MHZ_IBUF_BUFG
    SLICE_X88Y101        FDRE                                         r  slow_clock_counter_reg[27]/C
                         clock pessimism             -0.245     1.793    
    SLICE_X88Y101        FDRE (Hold_fdre_C_D)         0.134     1.927    slow_clock_counter_reg[27]
  -------------------------------------------------------------------
                         required time                         -1.927    
                         arrival time                           2.093    
  -------------------------------------------------------------------
                         slack                                  0.166    

Slack (MET) :             0.236ns  (arrival time - required time)
  Source:                 slow_clock_counter_reg[27]/C
                            (rising edge-triggered cell FDRE clocked by sys_clk_pin  {rise@0.000ns fall@5.000ns period=10.000ns})
  Destination:            slow_clock_reg/D
                            (rising edge-triggered cell FDRE clocked by sys_clk_pin  {rise@0.000ns fall@5.000ns period=10.000ns})
  Path Group:             sys_clk_pin
  Path Type:              Hold (Min at Fast Process Corner)
  Requirement:            0.000ns  (sys_clk_pin rise@0.000ns - sys_clk_pin rise@0.000ns)
  Data Path Delay:        0.319ns  (logic 0.164ns (51.377%)  route 0.155ns (48.623%))
  Logic Levels:           0  
  Clock Path Skew:        0.013ns (DCD - SCD - CPR)
    Destination Clock Delay (DCD):    2.039ns
    Source Clock Delay      (SCD):    1.521ns
    Clock Pessimism Removal (CPR):    0.504ns

    Location             Delay type                Incr(ns)  Path(ns)    Netlist Resource(s)
  -------------------------------------------------------------------    -------------------
                         (clock sys_clk_pin rise edge)
                                                      0.000     0.000 r  
    E3                                                0.000     0.000 r  CLK100MHZ (IN)
                         net (fo=0)                   0.000     0.000    CLK100MHZ
    E3                   IBUF (Prop_ibuf_I_O)         0.250     0.250 r  CLK100MHZ_IBUF_inst/O
                         net (fo=1, routed)           0.644     0.894    CLK100MHZ_IBUF
    BUFGCTRL_X0Y16       BUFG (Prop_bufg_I_O)         0.026     0.920 r  CLK100MHZ_IBUF_BUFG_inst/O
                         net (fo=29, routed)          0.602     1.521    CLK100MHZ_IBUF_BUFG
    SLICE_X88Y101        FDRE                                         r  slow_clock_counter_reg[27]/C
  -------------------------------------------------------------------    -------------------
    SLICE_X88Y101        FDRE (Prop_fdre_C_Q)         0.164     1.685 r  slow_clock_counter_reg[27]/Q
                         net (fo=2, routed)           0.155     1.841    p_0_in
    SLICE_X89Y101        FDRE                                         r  slow_clock_reg/D
  -------------------------------------------------------------------    -------------------

                         (clock sys_clk_pin rise edge)
                                                      0.000     0.000 r  
    E3                                                0.000     0.000 r  CLK100MHZ (IN)
                         net (fo=0)                   0.000     0.000    CLK100MHZ
    E3                   IBUF (Prop_ibuf_I_O)         0.438     0.438 r  CLK100MHZ_IBUF_inst/O
                         net (fo=1, routed)           0.699     1.136    CLK100MHZ_IBUF
    BUFGCTRL_X0Y16       BUFG (Prop_bufg_I_O)         0.029     1.165 r  CLK100MHZ_IBUF_BUFG_inst/O
                         net (fo=29, routed)          0.873     2.039    CLK100MHZ_IBUF_BUFG
    SLICE_X89Y101        FDRE                                         r  slow_clock_reg/C
                         clock pessimism             -0.504     1.534    
    SLICE_X89Y101        FDRE (Hold_fdre_C_D)         0.070     1.604    slow_clock_reg
  -------------------------------------------------------------------
                         required time                         -1.604    
                         arrival time                           1.841    
  -------------------------------------------------------------------
                         slack                                  0.236    

Slack (MET) :             0.254ns  (arrival time - required time)
  Source:                 slow_clock_counter_reg[10]/C
                            (rising edge-triggered cell FDRE clocked by sys_clk_pin  {rise@0.000ns fall@5.000ns period=10.000ns})
  Destination:            slow_clock_counter_reg[10]/D
                            (rising edge-triggered cell FDRE clocked by sys_clk_pin  {rise@0.000ns fall@5.000ns period=10.000ns})
  Path Group:             sys_clk_pin
  Path Type:              Hold (Min at Fast Process Corner)
  Requirement:            0.000ns  (sys_clk_pin rise@0.000ns - sys_clk_pin rise@0.000ns)
  Data Path Delay:        0.388ns  (logic 0.274ns (70.550%)  route 0.114ns (29.450%))
  Logic Levels:           1  (CARRY4=1)
  Clock Path Skew:        0.000ns (DCD - SCD - CPR)
    Destination Clock Delay (DCD):    2.045ns
    Source Clock Delay      (SCD):    1.527ns
    Clock Pessimism Removal (CPR):    0.517ns

    Location             Delay type                Incr(ns)  Path(ns)    Netlist Resource(s)
  -------------------------------------------------------------------    -------------------
                         (clock sys_clk_pin rise edge)
                                                      0.000     0.000 r  
    E3                                                0.000     0.000 r  CLK100MHZ (IN)
                         net (fo=0)                   0.000     0.000    CLK100MHZ
    E3                   IBUF (Prop_ibuf_I_O)         0.250     0.250 r  CLK100MHZ_IBUF_inst/O
                         net (fo=1, routed)           0.644     0.894    CLK100MHZ_IBUF
    BUFGCTRL_X0Y16       BUFG (Prop_bufg_I_O)         0.026     0.920 r  CLK100MHZ_IBUF_BUFG_inst/O
                         net (fo=29, routed)          0.608     1.527    CLK100MHZ_IBUF_BUFG
    SLICE_X88Y97         FDRE                                         r  slow_clock_counter_reg[10]/C
  -------------------------------------------------------------------    -------------------
    SLICE_X88Y97         FDRE (Prop_fdre_C_Q)         0.164     1.691 r  slow_clock_counter_reg[10]/Q
                         net (fo=1, routed)           0.114     1.806    slow_clock_counter_reg_n_0_[10]
    SLICE_X88Y97         CARRY4 (Prop_carry4_S[2]_O[2])
                                                      0.110     1.916 r  slow_clock_counter_reg[8]_i_1/O[2]
                         net (fo=1, routed)           0.000     1.916    slow_clock_counter_reg[8]_i_1_n_5
    SLICE_X88Y97         FDRE                                         r  slow_clock_counter_reg[10]/D
  -------------------------------------------------------------------    -------------------

                         (clock sys_clk_pin rise edge)
                                                      0.000     0.000 r  
    E3                                                0.000     0.000 r  CLK100MHZ (IN)
                         net (fo=0)                   0.000     0.000    CLK100MHZ
    E3                   IBUF (Prop_ibuf_I_O)         0.438     0.438 r  CLK100MHZ_IBUF_inst/O
                         net (fo=1, routed)           0.699     1.136    CLK100MHZ_IBUF
    BUFGCTRL_X0Y16       BUFG (Prop_bufg_I_O)         0.029     1.165 r  CLK100MHZ_IBUF_BUFG_inst/O
                         net (fo=29, routed)          0.880     2.045    CLK100MHZ_IBUF_BUFG
    SLICE_X88Y97         FDRE                                         r  slow_clock_counter_reg[10]/C
                         clock pessimism             -0.517     1.527    
    SLICE_X88Y97         FDRE (Hold_fdre_C_D)         0.134     1.661    slow_clock_counter_reg[10]
  -------------------------------------------------------------------
                         required time                         -1.661    
                         arrival time                           1.916    
  -------------------------------------------------------------------
                         slack                                  0.254    





Pulse Width Checks
--------------------------------------------------------------------------------------
Clock Name:         sys_clk_pin
Waveform(ns):       { 0.000 5.000 }
Period(ns):         10.000
Sources:            { CLK100MHZ }

Check Type        Corner  Lib Pin  Reference Pin  Required(ns)  Actual(ns)  Slack(ns)  Location        Pin
Min Period        n/a     BUFG/I   n/a            2.155         10.000      7.845      BUFGCTRL_X0Y16  CLK100MHZ_IBUF_BUFG_inst/I
Min Period        n/a     FDRE/C   n/a            1.000         10.000      9.000      SLICE_X88Y95    slow_clock_counter_reg[0]/C
Min Period        n/a     FDRE/C   n/a            1.000         10.000      9.000      SLICE_X88Y97    slow_clock_counter_reg[10]/C
Min Period        n/a     FDRE/C   n/a            1.000         10.000      9.000      SLICE_X88Y97    slow_clock_counter_reg[11]/C
Min Period        n/a     FDRE/C   n/a            1.000         10.000      9.000      SLICE_X88Y98    slow_clock_counter_reg[12]/C
Min Period        n/a     FDRE/C   n/a            1.000         10.000      9.000      SLICE_X88Y98    slow_clock_counter_reg[13]/C
Min Period        n/a     FDRE/C   n/a            1.000         10.000      9.000      SLICE_X88Y98    slow_clock_counter_reg[14]/C
Min Period        n/a     FDRE/C   n/a            1.000         10.000      9.000      SLICE_X88Y98    slow_clock_counter_reg[15]/C
Min Period        n/a     FDRE/C   n/a            1.000         10.000      9.000      SLICE_X88Y99    slow_clock_counter_reg[16]/C
Min Period        n/a     FDRE/C   n/a            1.000         10.000      9.000      SLICE_X88Y99    slow_clock_counter_reg[17]/C
Low Pulse Width   Slow    FDRE/C   n/a            0.500         5.000       4.500      SLICE_X88Y95    slow_clock_counter_reg[0]/C
Low Pulse Width   Fast    FDRE/C   n/a            0.500         5.000       4.500      SLICE_X88Y95    slow_clock_counter_reg[0]/C
Low Pulse Width   Slow    FDRE/C   n/a            0.500         5.000       4.500      SLICE_X88Y97    slow_clock_counter_reg[10]/C
Low Pulse Width   Fast    FDRE/C   n/a            0.500         5.000       4.500      SLICE_X88Y97    slow_clock_counter_reg[10]/C
Low Pulse Width   Slow    FDRE/C   n/a            0.500         5.000       4.500      SLICE_X88Y97    slow_clock_counter_reg[11]/C
Low Pulse Width   Fast    FDRE/C   n/a            0.500         5.000       4.500      SLICE_X88Y97    slow_clock_counter_reg[11]/C
Low Pulse Width   Slow    FDRE/C   n/a            0.500         5.000       4.500      SLICE_X88Y98    slow_clock_counter_reg[12]/C
Low Pulse Width   Fast    FDRE/C   n/a            0.500         5.000       4.500      SLICE_X88Y98    slow_clock_counter_reg[12]/C
Low Pulse Width   Slow    FDRE/C   n/a            0.500         5.000       4.500      SLICE_X88Y98    slow_clock_counter_reg[13]/C
Low Pulse Width   Fast    FDRE/C   n/a            0.500         5.000       4.500      SLICE_X88Y98    slow_clock_counter_reg[13]/C
High Pulse Width  Slow    FDRE/C   n/a            0.500         5.000       4.500      SLICE_X88Y95    slow_clock_counter_reg[0]/C
High Pulse Width  Fast    FDRE/C   n/a            0.500         5.000       4.500      SLICE_X88Y95    slow_clock_counter_reg[0]/C
High Pulse Width  Slow    FDRE/C   n/a            0.500         5.000       4.500      SLICE_X88Y97    slow_clock_counter_reg[10]/C
High Pulse Width  Fast    FDRE/C   n/a            0.500         5.000       4.500      SLICE_X88Y97    slow_clock_counter_reg[10]/C
High Pulse Width  Slow    FDRE/C   n/a            0.500         5.000       4.500      SLICE_X88Y97    slow_clock_counter_reg[11]/C
High Pulse Width  Fast    FDRE/C   n/a            0.500         5.000       4.500      SLICE_X88Y97    slow_clock_counter_reg[11]/C
High Pulse Width  Slow    FDRE/C   n/a            0.500         5.000       4.500      SLICE_X88Y98    slow_clock_counter_reg[12]/C
High Pulse Width  Fast    FDRE/C   n/a            0.500         5.000       4.500      SLICE_X88Y98    slow_clock_counter_reg[12]/C
High Pulse Width  Slow    FDRE/C   n/a            0.500         5.000       4.500      SLICE_X88Y98    slow_clock_counter_reg[13]/C
High Pulse Width  Fast    FDRE/C   n/a            0.500         5.000       4.500      SLICE_X88Y98    slow_clock_counter_reg[13]/C



--------------------------------------------------------------------------------------
Path Group:  (none)
From Clock:  sys_clk_pin
  To Clock:  

Max Delay             1 Endpoint
Min Delay             1 Endpoint
--------------------------------------------------------------------------------------


Max Delay Paths
--------------------------------------------------------------------------------------
Slack:                    inf
  Source:                 slow_clock_reg/C
                            (rising edge-triggered cell FDRE clocked by sys_clk_pin  {rise@0.000ns fall@5.000ns period=10.000ns})
  Destination:            LED[0]
                            (output port)
  Path Group:             (none)
  Path Type:              Max at Slow Process Corner
  Data Path Delay:        5.651ns  (logic 3.986ns (70.531%)  route 1.665ns (29.469%))
  Logic Levels:           1  (OBUF=1)
  Clock Uncertainty:      0.025ns  ((TSJ^2 + TIJ^2)^1/2 + DJ) / 2 + PE
    Total System Jitter     (TSJ):    0.050ns
    Total Input Jitter      (TIJ):    0.000ns
    Discrete Jitter          (DJ):    0.000ns
    Phase Error              (PE):    0.000ns

    Location             Delay type                Incr(ns)  Path(ns)    Netlist Resource(s)
  -------------------------------------------------------------------    -------------------
                         (clock sys_clk_pin rise edge)
                                                      0.000     0.000 r  
    E3                                                0.000     0.000 r  CLK100MHZ (IN)
                         net (fo=0)                   0.000     0.000    CLK100MHZ
    E3                   IBUF (Prop_ibuf_I_O)         1.482     1.482 r  CLK100MHZ_IBUF_inst/O
                         net (fo=1, routed)           2.025     3.506    CLK100MHZ_IBUF
    BUFGCTRL_X0Y16       BUFG (Prop_bufg_I_O)         0.096     3.602 r  CLK100MHZ_IBUF_BUFG_inst/O
                         net (fo=29, routed)          1.717     5.319    CLK100MHZ_IBUF_BUFG
    SLICE_X89Y101        FDRE                                         r  slow_clock_reg/C
  -------------------------------------------------------------------    -------------------
    SLICE_X89Y101        FDRE (Prop_fdre_C_Q)         0.456     5.775 r  slow_clock_reg/Q
                         net (fo=1, routed)           1.665     7.441    LED_OBUF[0]
    H5                   OBUF (Prop_obuf_I_O)         3.530    10.970 r  LED_OBUF[0]_inst/O
                         net (fo=0)                   0.000    10.970    LED[0]
    H5                                                                r  LED[0] (OUT)
  -------------------------------------------------------------------    -------------------





Min Delay Paths
--------------------------------------------------------------------------------------
Slack:                    inf
  Source:                 slow_clock_reg/C
                            (rising edge-triggered cell FDRE clocked by sys_clk_pin  {rise@0.000ns fall@5.000ns period=10.000ns})
  Destination:            LED[0]
                            (output port)
  Path Group:             (none)
  Path Type:              Min at Fast Process Corner
  Data Path Delay:        1.704ns  (logic 1.372ns (80.497%)  route 0.332ns (19.503%))
  Logic Levels:           1  (OBUF=1)
  Clock Uncertainty:      0.025ns  ((TSJ^2 + TIJ^2)^1/2 + DJ) / 2 + PE
    Total System Jitter     (TSJ):    0.050ns
    Total Input Jitter      (TIJ):    0.000ns
    Discrete Jitter          (DJ):    0.000ns
    Phase Error              (PE):    0.000ns

    Location             Delay type                Incr(ns)  Path(ns)    Netlist Resource(s)
  -------------------------------------------------------------------    -------------------
                         (clock sys_clk_pin rise edge)
                                                      0.000     0.000 r  
    E3                                                0.000     0.000 r  CLK100MHZ (IN)
                         net (fo=0)                   0.000     0.000    CLK100MHZ
    E3                   IBUF (Prop_ibuf_I_O)         0.250     0.250 r  CLK100MHZ_IBUF_inst/O
                         net (fo=1, routed)           0.644     0.894    CLK100MHZ_IBUF
    BUFGCTRL_X0Y16       BUFG (Prop_bufg_I_O)         0.026     0.920 r  CLK100MHZ_IBUF_BUFG_inst/O
                         net (fo=29, routed)          0.602     1.521    CLK100MHZ_IBUF_BUFG
    SLICE_X89Y101        FDRE                                         r  slow_clock_reg/C
  -------------------------------------------------------------------    -------------------
    SLICE_X89Y101        FDRE (Prop_fdre_C_Q)         0.141     1.662 r  slow_clock_reg/Q
                         net (fo=1, routed)           0.332     1.995    LED_OBUF[0]
    H5                   OBUF (Prop_obuf_I_O)         1.231     3.225 r  LED_OBUF[0]_inst/O
                         net (fo=0)                   0.000     3.225    LED[0]
    H5                                                                r  LED[0] (OUT)
  -------------------------------------------------------------------    -------------------





